title,url,topic,primary_keyword,secondary_keywords,category,level,finished_product,image_count,related_slugs,http_status,in_sitemap,publication_status,pinterest_class,priority_band,score,existing_pins
"How to Crochet a Pumpkin, Step by Step",https://www.crochetexplained.com/how-to-crochet-a-pumpkin-step-by-step/,stuffed pumpkin,crochet pumpkin,fall crochet; pumpkin decor,skills,beginner,stuffed pumpkin,5,crochet-in-the-round; crochet-increase-decrease; yarn-weight-chart; crochet-hook-size-conversion-chart; crochet-abbreviations-chart; crochet-ghost-amigurumi-for-beginners; bat-amigurumi-wings-body-and-ears; halloween-granny-square-variations; halloween-crochet-card-wallet,200,yes,live,Trending now,A,88,none on file
How to Crochet a Ghost Candy Bag,https://www.crochetexplained.com/how-to-crochet-a-ghost-candy-bag/,ghost candy bag,crochet ghost candy bag,halloween treat bag; ghost bag,patterns,beginner,ghost candy bag,6,crochet-abbreviations-chart; how-to-crochet-a-ghost-coin-pouch; crochet-ghost-amigurumi-for-beginners; how-to-crochet-a-pumpkin-treat-bag; yarn-weight-chart; crochet-hook-size-conversion-chart; crochet-gauge; crochet-in-the-round; how-to-crochet-a-pumpkin-zipper-pouch; halloween-crochet-card-wallet,200,yes,live,Trending now,A,86,none on file
How to Crochet a Pumpkin Treat Bag,https://www.crochetexplained.com/how-to-crochet-a-pumpkin-treat-bag/,pumpkin treat bag,crochet pumpkin treat bag,halloween candy bag; pumpkin bag,patterns,beginner,pumpkin treat bag,6,crochet-abbreviations-chart; yarn-weight-chart; crochet-hook-size-conversion-chart; how-to-crochet-a-pumpkin-step-by-step; crochet-in-the-round; how-to-crochet-a-ghost-coin-pouch; halloween-crochet-card-wallet,200,yes,live,Trending now,A,86,none on file
Crochet Ghost Amigurumi for Beginners,https://www.crochetexplained.com/crochet-ghost-amigurumi-for-beginners/,beginner ghost,crochet ghost,ghost amigurumi; beginner halloween crochet,skills,beginner,beginner ghost,5,crochet-in-the-round; yarn-weight-chart; crochet-hook-size-conversion-chart; crochet-abbreviations-chart; how-to-crochet-a-pumpkin-step-by-step; how-to-crochet-a-spider-and-web; halloween-granny-square-variations; halloween-crochet-card-wallet,200,yes,live,Trending now,A,85,none on file
Halloween Crochet Card Wallet with Ghost (Easy Flap + Button),https://www.crochetexplained.com/halloween-crochet-card-wallet/,ghost card wallet,halloween crochet card wallet,ghost card holder; crochet wallet,skills,beginner,ghost card wallet,10,basic-crochet-stitches; changing-yarn-color-crochet; crochet-ghost-amigurumi-for-beginners,200,yes,live,Trending now,B,81,none on file
How to Crochet a Chunky Beanie,https://www.crochetexplained.com/how-to-crochet-a-chunky-beanie/,chunky beanie,chunky crochet beanie,crochet hat; bulky beanie,patterns,beginner,chunky beanie,6,crochet-abbreviations-chart; yarn-weight-chart; crochet-hook-size-conversion-chart; crochet-gauge; how-to-crochet-an-ear-warmer; how-to-crochet-fingerless-gloves,200,yes,live,Rising soon,B,81,none on file
Halloween Coasters: Pumpkin Circle and Granny Square Set,https://www.crochetexplained.com/free-pattern-halloween-coasters/,pumpkin coaster set,halloween crochet coasters,pumpkin coaster; granny square coaster,patterns,beginner,pumpkin coaster set,1,halloween-granny-square-variations; changing-yarn-color-crochet; crochet-gauge; crochet-hook-size-conversion-chart; yarn-weight-chart; crochet-abbreviations-chart; crochet-in-the-round; weaving-in-ends-and-blocking; how-to-crochet-a-pumpkin-step-by-step; how-to-crochet-a-pumpkin-treat-bag; crochet-mug-cozy-for-beginners,200,yes,live,Trending now,B,79,none on file
Easy Crochet Scarf for Beginners,https://www.crochetexplained.com/how-to-crochet-a-beginner-scarf/,beginner scarf,easy crochet scarf,beginner scarf; half double crochet scarf,skills,beginner,beginner scarf,1,how-to-crochet-a-hooded-scarf; yarn-weight-chart; crochet-hook-size-conversion-chart; crochet-abbreviations-chart; basic-crochet-stitches; crochet-gauge; crochet-turning-chain; weaving-in-ends-and-blocking; changing-yarn-color-crochet; how-to-crochet-an-ear-warmer; how-to-crochet-fingerless-gloves,200,yes,live,Rising soon,B,79,none on file
How to Crochet a Pumpkin Zipper Pouch,https://www.crochetexplained.com/how-to-crochet-a-pumpkin-zipper-pouch/,pumpkin zipper pouch,crochet pumpkin pouch,pumpkin zipper pouch; halloween gift,patterns,beginner,pumpkin zipper pouch,6,crochet-abbreviations-chart; how-to-crochet-a-pumpkin-step-by-step; how-to-crochet-a-pumpkin-treat-bag; yarn-weight-chart; crochet-hook-size-conversion-chart; crochet-gauge; crochet-in-the-round; how-to-crochet-a-ghost-coin-pouch; how-to-crochet-a-phone-case; how-to-crochet-a-ghost-candy-bag; halloween-crochet-card-wallet,200,yes,live,Trending now,B,79,none on file
"Bat Amigurumi: Wings, Body and Ears",https://www.crochetexplained.com/bat-amigurumi-wings-body-and-ears/,small bat,crochet bat,bat amigurumi; halloween crochet,skills,intermediate,small bat,6,crochet-in-the-round; yarn-weight-chart; crochet-hook-size-conversion-chart; crochet-abbreviations-chart; how-to-crochet-a-spider-and-web; crochet-ghost-amigurumi-for-beginners; halloween-granny-square-variations; halloween-crochet-card-wallet,200,yes,live,Trending now,B,78,none on file
15 Easy Crochet Christmas Ornament Ideas,https://www.crochetexplained.com/easy-crochet-christmas-ornaments/,christmas ornaments,crochet christmas ornaments,easy ornament; crochet star,patterns,beginner,christmas ornaments,5,crochet-abbreviations-chart; yarn-for-christmas-crochet; crochet-hook-size-conversion-chart; how-to-crochet-a-christmas-tree; free-pattern-mini-christmas-trees; how-to-crochet-a-snowflake; free-pattern-snowflake-set; crochet-bag-charm-ideas; how-to-crochet-a-gnome; how-to-crochet-a-christmas-gift-card-holder; weaving-in-ends-and-blocking,200,yes,live,Rising soon,B,78,none on file
How to Crochet a Ghost Mini Wallet,https://www.crochetexplained.com/ghost-crochet-mini-wallet/,ghost mini wallet,crochet ghost wallet,ghost card holder; mini wallet,patterns,beginner,ghost mini wallet,8,crochet-abbreviations-chart; yarn-weight-chart; crochet-hook-size-conversion-chart; changing-yarn-color-crochet; left-handed-crochet; halloween-crochet-card-wallet; gothic-bat-earbuds-pouch; basic-crochet-stitches,200,yes,live,Trending now,B,78,none on file
How to Crochet a Gothic Bat Earbuds Pouch,https://www.crochetexplained.com/gothic-bat-earbuds-pouch/,bat earbud pouch,crochet bat pouch,gothic crochet; earbud pouch,patterns,beginner,bat earbud pouch,8,crochet-abbreviations-chart; yarn-weight-chart; crochet-hook-size-conversion-chart; crochet-in-the-round; weaving-in-ends-and-blocking; how-to-crochet-a-phone-case; halloween-crochet-card-wallet,200,yes,live,Trending now,B,78,none on file
How to Crochet a Ghost Coin Pouch,https://www.crochetexplained.com/how-to-crochet-a-ghost-coin-pouch/,ghost coin pouch,crochet ghost coin pouch,ghost pouch; halloween crochet,patterns,beginner,ghost coin pouch,6,crochet-abbreviations-chart; yarn-weight-chart; crochet-hook-size-conversion-chart; crochet-in-the-round; changing-yarn-color-crochet; halloween-crochet-card-wallet; gothic-bat-earbuds-pouch,200,yes,live,Trending now,B,78,none on file
How to Crochet an Ear Warmer,https://www.crochetexplained.com/how-to-crochet-an-ear-warmer/,ear warmer,crochet ear warmer,crochet headband; winter crochet,patterns,beginner,ear warmer,6,how-to-crochet-a-chunky-beanie; crochet-abbreviations-chart; yarn-weight-chart; crochet-hook-size-conversion-chart; basic-crochet-stitches; how-to-crochet-fingerless-gloves,200,yes,live,Rising soon,B,78,none on file
How to Crochet a Christmas Gift Card Holder,https://www.crochetexplained.com/how-to-crochet-a-christmas-gift-card-holder/,gift card holder,crochet gift card holder,christmas gift card; small crochet gift,patterns,beginner,gift card holder,6,crochet-abbreviations-chart; yarn-weight-chart; crochet-hook-size-conversion-chart; halloween-crochet-card-wallet; crochet-gauge; yarn-for-christmas-crochet; how-to-crochet-a-christmas-tree,200,yes,live,Rising soon,B,77,none on file
How to Crochet a Spider (and Web),https://www.crochetexplained.com/how-to-crochet-a-spider-and-web/,spider and web,crochet spider,crochet spider web; halloween decor,skills,intermediate,spider and web,6,crochet-in-the-round; crochet-hook-size-conversion-chart; yarn-weight-chart; crochet-abbreviations-chart; weaving-in-ends-and-blocking; bat-amigurumi-wings-body-and-ears; crochet-ghost-amigurumi-for-beginners; halloween-granny-square-variations; halloween-crochet-card-wallet,200,yes,live,Trending now,B,77,none on file
How to Crochet Fingerless Gloves,https://www.crochetexplained.com/how-to-crochet-fingerless-gloves/,fingerless gloves,crochet fingerless gloves,crochet gloves; thumb opening,patterns,beginner,fingerless gloves,6,crochet-abbreviations-chart; yarn-weight-chart; crochet-hook-size-conversion-chart; crochet-gauge; how-to-crochet-an-ear-warmer; how-to-crochet-a-chunky-beanie; how-to-crochet-a-hooded-scarf,200,yes,live,Rising soon,B,77,none on file
Crochet Santa Amigurumi for Beginners,https://www.crochetexplained.com/crochet-santa-amigurumi-for-beginners/,santa amigurumi,crochet santa,santa amigurumi; christmas crochet,skills,beginner,santa amigurumi,4,how-to-crochet-a-gnome; yarn-weight-chart; changing-yarn-color-crochet,200,yes,live,Rising soon,B,76,none on file
Halloween Granny Square Variations,https://www.crochetexplained.com/halloween-granny-square-variations/,halloween granny squares,halloween granny square,candy corn granny square; crochet squares,skills,beginner,halloween granny squares,5,changing-yarn-color-crochet; crochet-hook-size-conversion-chart; yarn-weight-chart; crochet-abbreviations-chart; weaving-in-ends-and-blocking; how-to-crochet-a-pumpkin-step-by-step; crochet-ghost-amigurumi-for-beginners; halloween-crochet-card-wallet,200,yes,live,Trending now,B,76,none on file
How to Crochet a Fall Leaf,https://www.crochetexplained.com/how-to-crochet-a-fall-leaf/,fall leaf,crochet fall leaf,fall crochet; leaf applique,skills,beginner,fall leaf,1,how-to-crochet-a-pumpkin-step-by-step; how-to-crochet-a-pumpkin-treat-bag; crochet-mug-cozy-for-beginners; how-to-crochet-a-simple-flower; yarn-weight-chart; crochet-hook-size-conversion-chart; crochet-abbreviations-chart; weaving-in-ends-and-blocking,200,yes,live,Trending now,B,75,none on file
How to Crochet a Phone Case for iPhone 18 Pro Max,https://www.crochetexplained.com/how-to-crochet-a-phone-case/,phone case,crochet phone case,crochet phone sleeve; laced up,patterns,beginner,phone case,6,basic-crochet-stitches; yarn-weight-chart; crochet-hook-size-conversion-chart; crochet-abbreviations-chart; weaving-in-ends-and-blocking; changing-yarn-color-crochet; left-handed-crochet,200,yes,live,Evergreen,B,75,none on file
"How to Crochet a Christmas Tree, Step by Step",https://www.crochetexplained.com/how-to-crochet-a-christmas-tree/,christmas tree,crochet christmas tree,small crochet tree; holiday decor,skills,beginner,christmas tree,4,yarn-weight-chart; crochet-increase-decrease; crochet-turning-chain,200,yes,live,Rising soon,B,74,none on file
How to Crochet a Christmas Stocking,https://www.crochetexplained.com/how-to-crochet-a-christmas-stocking/,christmas stocking,crochet christmas stocking,crochet stocking; heel and toe,patterns,intermediate,christmas stocking,6,crochet-abbreviations-chart; how-to-crochet-slippers; yarn-weight-chart; crochet-hook-size-conversion-chart; crochet-gauge; crochet-in-the-round; how-to-crochet-a-chunky-beanie; how-to-crochet-an-ear-warmer; how-to-crochet-fingerless-gloves; how-to-crochet-a-hooded-scarf,200,yes,live,Rising soon,B,73,none on file
How to Crochet a Wine Bottle Bag,https://www.crochetexplained.com/how-to-crochet-a-wine-bottle-bag/,wine bottle bag,crochet wine bottle bag,hostess gift; bottle bag,patterns,beginner,wine bottle bag,6,crochet-abbreviations-chart; yarn-weight-chart; crochet-hook-size-conversion-chart; crochet-in-the-round; crochet-gauge; how-to-crochet-a-tumbler-sleeve,200,yes,live,Rising soon,B,73,none on file
Crochet Christmas Gift Ideas,https://www.crochetexplained.com/crochet-christmas-gift-ideas/,gift idea guide,crochet christmas gift ideas,handmade christmas gifts; crochet gifts,patterns,beginner,gift idea guide,1,yarn-for-christmas-crochet; how-to-crochet-a-christmas-gift-card-holder; crochet-mug-cozy-for-beginners; how-to-crochet-a-snowflake; how-to-crochet-a-simple-flower; how-to-crochet-a-fall-leaf; free-pattern-halloween-coasters; easy-crochet-christmas-ornaments; how-to-crochet-a-christmas-stocking; how-to-crochet-a-chunky-beanie; how-to-crochet-an-ear-warmer; how-to-crochet-fingerless-gloves; how-to-crochet-a-book-sleeve; how-to-crochet-a-wine-bottle-bag; how-to-crochet-a-gnome; how-to-crochet-a-christmas-tree; how-to-crochet-a-beginner-scarf; how-to-crochet-a-hooded-scarf; how-to-crochet-a-baby-blanket; how-to-crochet-slippers; how-to-crochet-a-christmas-tree-skirt; how-to-crochet-a-ghost-candy-bag; how-to-crochet-a-makeup-pouch; how-to-crochet-a-pumpkin-zipper-pouch; how-to-crochet-a-laptop-sleeve; how-to-crochet-a-phone-case; how-to-crochet-a-phone-crossbody; how-to-crochet-a-market-bag; how-to-crochet-a-bowl-cozy; weaving-in-ends-and-blocking; crochet-santa-amigurumi-for-beginners,200,yes,live,Rising soon,B,72,none on file
How to Crochet a Hooded Scarf,https://www.crochetexplained.com/how-to-crochet-a-hooded-scarf/,hooded scarf,crochet hooded scarf,crochet hood; winter scarf,patterns,intermediate,hooded scarf,6,crochet-abbreviations-chart; yarn-weight-chart; crochet-hook-size-conversion-chart; crochet-gauge; how-to-crochet-an-ear-warmer; how-to-crochet-fingerless-gloves; how-to-crochet-a-chunky-beanie,200,yes,live,Rising soon,B,72,none on file
How to Crochet a Lace Bandana,https://www.crochetexplained.com/how-to-crochet-a-lace-bandana/,lace bandana,crochet bandana,lace bandana; triangle bandana,patterns,intermediate,lace bandana,6,crochet-abbreviations-chart; crochet-turning-chain; yarn-weight-chart; crochet-hook-size-conversion-chart; changing-yarn-color-crochet; weaving-in-ends-and-blocking; how-to-crochet-a-snowflake; how-to-crochet-a-book-sleeve,200,yes,live,Evergreen,B,72,none on file
Crochet Mug Cozy for Beginners (Button Closure),https://www.crochetexplained.com/crochet-mug-cozy-for-beginners/,mug cozy,crochet mug cozy,mug sleeve; beginner crochet gift,skills,beginner,mug cozy,6,basic-crochet-stitches; yarn-weight-chart; crochet-hook-size-conversion-chart; crochet-abbreviations-chart; changing-yarn-color-crochet; weaving-in-ends-and-blocking; yarn-for-christmas-crochet; how-to-crochet-a-scrunchie; how-to-crochet-a-snowflake; how-to-crochet-a-simple-flower,200,yes,live,Evergreen,B,70,none on file
"How to Crochet a Gnome, Step by Step",https://www.crochetexplained.com/how-to-crochet-a-gnome/,gnome,crochet gnome,christmas gnome; crochet hat,skills,beginner,gnome,3,yarn-weight-chart; crochet-increase-decrease; yarn-for-christmas-crochet,200,yes,live,Rising soon,C,69,none on file
How to Crochet a Snowflake (and Make It Stay Flat),https://www.crochetexplained.com/how-to-crochet-a-snowflake/,snowflake,crochet snowflake,flat snowflake; christmas ornament,skills,beginner,snowflake,4,crochet-in-the-round; crochet-hook-size-conversion-chart; weaving-in-ends-and-blocking,200,yes,live,Rising soon,C,69,none on file
Christmas Granny Square Variations,https://www.crochetexplained.com/christmas-granny-square-variations/,christmas granny squares,christmas granny square,red and green granny square,skills,beginner,christmas granny squares,3,yarn-weight-chart; changing-yarn-color-crochet; weaving-in-ends-and-blocking,200,yes,live,Rising soon,C,67,none on file
How to Crochet a Baby Blanket,https://www.crochetexplained.com/how-to-crochet-a-baby-blanket/,baby blanket,crochet baby blanket,beginner baby blanket; half double crochet blanket,skills,beginner,baby blanket,1,basic-crochet-stitches; how-to-crochet-a-beginner-scarf; yarn-weight-chart; crochet-hook-size-conversion-chart; crochet-gauge; crochet-turning-chain; weaving-in-ends-and-blocking; how-to-crochet-a-simple-flower,200,yes,live,Rising soon,C,66,none on file
How to Crochet a Phone Crossbody,https://www.crochetexplained.com/how-to-crochet-a-phone-crossbody/,phone crossbody,crochet phone crossbody,phone bag; crochet strap,patterns,beginner,phone crossbody,6,crochet-abbreviations-chart; yarn-weight-chart; crochet-hook-size-conversion-chart; how-to-crochet-a-book-sleeve; crochet-gauge; how-to-crochet-a-tumbler-sleeve; how-to-crochet-a-makeup-pouch; how-to-crochet-a-granny-square-tote,200,yes,live,Evergreen,C,66,none on file
How to Crochet a Christmas Tree Skirt,https://www.crochetexplained.com/how-to-crochet-a-christmas-tree-skirt/,tree skirt,crochet tree skirt,christmas tree skirt; holiday crochet,patterns,intermediate,tree skirt,6,crochet-abbreviations-chart; basic-crochet-stitches; yarn-weight-chart; crochet-hook-size-conversion-chart; crochet-gauge; crochet-in-the-round,200,yes,live,Rising soon,C,65,none on file
How to Crochet a Tumbler Sleeve,https://www.crochetexplained.com/how-to-crochet-a-tumbler-sleeve/,tumbler sleeve,crochet tumbler sleeve,cup sleeve; cotton cozy,patterns,beginner,tumbler sleeve,6,crochet-abbreviations-chart; yarn-weight-chart; crochet-hook-size-conversion-chart; crochet-gauge; how-to-crochet-a-book-sleeve; how-to-crochet-a-laptop-sleeve,200,yes,live,Evergreen,C,64,none on file
How to Crochet Slippers,https://www.crochetexplained.com/how-to-crochet-slippers/,open-instep slippers,crochet slippers,house slippers; crochet sole,patterns,beginner,open-instep slippers,5,crochet-abbreviations-chart; yarn-weight-chart; crochet-hook-size-conversion-chart; crochet-gauge; basic-crochet-stitches; how-to-crochet-a-chunky-beanie; how-to-crochet-fingerless-gloves; how-to-crochet-a-christmas-stocking; how-to-crochet-an-ear-warmer; how-to-crochet-a-hooded-scarf,200,yes,live,Rising soon,C,64,none on file
How to Crochet a Market Bag,https://www.crochetexplained.com/how-to-crochet-a-market-bag/,market bag,crochet market bag,mesh market bag; cotton bag,patterns,intermediate,market bag,6,crochet-abbreviations-chart; basic-crochet-stitches; crochet-in-the-round; how-to-crochet-a-granny-square-tote; yarn-weight-chart; crochet-hook-size-conversion-chart; crochet-gauge,200,yes,live,Evergreen,C,63,none on file
How to Crochet a Granny Square Tote,https://www.crochetexplained.com/how-to-crochet-a-granny-square-tote/,granny square tote,granny square tote,crochet tote bag; granny squares,patterns,intermediate,granny square tote,6,crochet-abbreviations-chart; basic-crochet-stitches; yarn-weight-chart; crochet-hook-size-conversion-chart; crochet-gauge; crochet-in-the-round; how-to-crochet-a-makeup-pouch; how-to-crochet-a-book-sleeve; how-to-crochet-a-phone-crossbody; how-to-crochet-a-tumbler-sleeve,200,yes,live,Evergreen,C,62,none on file
"How to Crochet a Scrunchie (Beginner, One Evening)",https://www.crochetexplained.com/how-to-crochet-a-scrunchie/,scrunchie,crochet scrunchie,crochet hair tie; one evening crochet,skills,beginner,scrunchie,5,basic-crochet-stitches; yarn-weight-chart; crochet-hook-size-conversion-chart; crochet-abbreviations-chart; weaving-in-ends-and-blocking; changing-yarn-color-crochet; how-to-crochet-a-simple-flower; crochet-mug-cozy-for-beginners; halloween-crochet-card-wallet,200,yes,live,Evergreen,C,62,none on file
How to Crochet a Mini Shoulder Bag,https://www.crochetexplained.com/how-to-crochet-a-mini-shoulder-bag/,mini shoulder bag,crochet mini shoulder bag,small crochet bag; folded rectangle bag,patterns,beginner,mini shoulder bag,6,crochet-abbreviations-chart; how-to-crochet-a-phone-crossbody; yarn-weight-chart; crochet-hook-size-conversion-chart; crochet-gauge; how-to-crochet-a-granny-square-tote,200,yes,live,Evergreen,C,61,none on file
12 Crochet Bag Charm Ideas from Scrap Yarn,https://www.crochetexplained.com/crochet-bag-charm-ideas/,bag charms,crochet bag charm,scrap yarn charm; tiny crochet,patterns,beginner,bag charms,5,yarn-weight-chart; crochet-hook-size-conversion-chart; how-to-crochet-a-simple-flower; how-to-crochet-a-pumpkin-step-by-step; how-to-crochet-a-ghost-coin-pouch; how-to-crochet-a-christmas-tree; how-to-crochet-a-lip-balm-holder; how-to-crochet-a-pumpkin-treat-bag,200,yes,live,Evergreen,C,60,none on file
How to Crochet a Makeup Pouch,https://www.crochetexplained.com/how-to-crochet-a-makeup-pouch/,makeup pouch,crochet makeup pouch,drawstring pouch; cotton pouch,patterns,beginner,makeup pouch,6,crochet-abbreviations-chart; yarn-weight-chart; crochet-hook-size-conversion-chart; crochet-gauge; basic-crochet-stitches; how-to-crochet-a-phone-crossbody; how-to-crochet-a-book-sleeve; how-to-crochet-a-granny-square-tote,200,yes,live,Evergreen,C,60,none on file
How to Crochet a Simple Flower (Beginner Appliqué),https://www.crochetexplained.com/how-to-crochet-a-simple-flower/,simple flower,crochet flower,crochet applique; five petal flower,skills,beginner,simple flower,5,crochet-in-the-round; yarn-weight-chart; crochet-hook-size-conversion-chart; crochet-abbreviations-chart; how-to-crochet-a-scrunchie; crochet-mug-cozy-for-beginners; halloween-crochet-card-wallet; how-to-crochet-a-snowflake; basic-crochet-stitches; how-to-crochet-a-pumpkin-step-by-step,200,yes,live,Evergreen,C,60,none on file
How to Crochet a Book Sleeve,https://www.crochetexplained.com/how-to-crochet-a-book-sleeve/,book sleeve,crochet book sleeve,book cozy; paperback sleeve,patterns,beginner,book sleeve,6,crochet-abbreviations-chart; crochet-gauge; yarn-weight-chart; crochet-hook-size-conversion-chart; how-to-crochet-a-lace-bandana; how-to-crochet-a-christmas-gift-card-holder; how-to-crochet-a-phone-case,200,yes,live,Evergreen,C,59,none on file
How to Crochet a Bowl Cozy,https://www.crochetexplained.com/how-to-crochet-a-bowl-cozy/,bowl cozy,crochet bowl cozy,cotton bowl holder; kitchen crochet,patterns,beginner,bowl cozy,6,crochet-abbreviations-chart; yarn-weight-chart; crochet-hook-size-conversion-chart; crochet-gauge; how-to-crochet-a-tumbler-sleeve,200,yes,live,Evergreen,C,58,none on file
"Yarn for Christmas Crochet: Sparkle, Thread and What Actually Works",https://www.crochetexplained.com/yarn-for-christmas-crochet/,yarn guide,yarn for christmas crochet,sparkle yarn; ornament yarn,gear,beginner,yarn guide,3,disclosures; how-to-crochet-a-snowflake; yarn-weight-chart,200,yes,live,Rising soon,C,58,none on file
How to Crochet a Laptop Sleeve,https://www.crochetexplained.com/how-to-crochet-a-laptop-sleeve/,laptop sleeve,crochet laptop sleeve,laptop cover; crochet sleeve,patterns,beginner,laptop sleeve,6,how-to-crochet-a-book-sleeve; crochet-abbreviations-chart; yarn-weight-chart; crochet-hook-size-conversion-chart; crochet-gauge,200,yes,live,Evergreen,C,57,none on file
How to Crochet an Earbud Pouch,https://www.crochetexplained.com/how-to-crochet-an-earbud-pouch/,earbud pouch,crochet earbud pouch,airpods pouch; button pouch,patterns,beginner,earbud pouch,6,gothic-bat-earbuds-pouch; crochet-abbreviations-chart; yarn-weight-chart; crochet-hook-size-conversion-chart; crochet-in-the-round; how-to-crochet-a-ghost-coin-pouch; how-to-crochet-a-phone-case,200,yes,live,Evergreen,C,56,none on file
How to Crochet a Lip Balm Holder,https://www.crochetexplained.com/how-to-crochet-a-lip-balm-holder/,lip balm holder,crochet lip balm holder,lip balm sleeve; keychain crochet,patterns,beginner,lip balm holder,6,crochet-abbreviations-chart; yarn-weight-chart; crochet-hook-size-conversion-chart; crochet-in-the-round; how-to-crochet-an-earbud-pouch; halloween-crochet-card-wallet,200,yes,live,Evergreen,C,55,none on file
"The 5 Basic Crochet Stitches, in the Order to Learn Them",https://www.crochetexplained.com/basic-crochet-stitches/,five stitches,basic crochet stitches,single crochet; double crochet,skills,beginner,five stitches,4,crochet-turning-chain; crochet-abbreviations-chart,200,yes,live,Evergreen,C,52,none on file
How to Crochet a Cable Organizer,https://www.crochetexplained.com/how-to-crochet-a-cable-organizer/,cable organizer,crochet cable organizer,cord wrap; charging cable holder,patterns,beginner,cable organizer,6,crochet-abbreviations-chart; yarn-weight-chart; crochet-hook-size-conversion-chart; how-to-crochet-an-earbud-pouch; how-to-crochet-a-phone-case,200,yes,live,Low priority,C,52,none on file
"What You Need to Start Crocheting: One Hook, One Yarn",https://www.crochetexplained.com/what-you-need-to-start-crocheting/,starter supplies,what you need to start crocheting,beginner crochet supplies; first hook,gear,beginner,starter supplies,5,disclosures; crochet-hook-size-conversion-chart; yarn-weight-chart; left-handed-crochet,200,yes,live,Evergreen,C,51,none on file
Left-Handed Crochet: How to Follow Any Pattern,https://www.crochetexplained.com/left-handed-crochet/,left-handed guide,left handed crochet,mirror a crochet pattern; left handed tutorial,skills,beginner,left-handed guide,4,,200,yes,live,Evergreen,C,50,none on file
"How to Crochet in the Round: Magic Ring, Spirals and Joined Rounds",https://www.crochetexplained.com/crochet-in-the-round/,magic ring,crochet in the round,magic ring; crochet spiral,skills,beginner,magic ring,3,crochet-increase-decrease; basic-crochet-stitches; crochet-turning-chain,200,yes,live,Evergreen,D,45,none on file
Crochet Abbreviations Chart: Every Term Explained (US & UK),https://www.crochetexplained.com/crochet-abbreviations-chart/,abbreviations chart,crochet abbreviations,US UK crochet terms; crochet chart,charts,beginner,abbreviations chart,3,,200,yes,live,Low priority,D,43,none on file
Crochet Hook Size Chart: US Letters to Millimeters,https://www.crochetexplained.com/crochet-hook-size-conversion-chart/,hook chart,crochet hook size chart,US hook to mm; hook conversion,charts,beginner,hook chart,3,gear,200,yes,live,Low priority,D,43,none on file
"Yarn Weight Chart: All 8 Categories, Plainly Explained",https://www.crochetexplained.com/yarn-weight-chart/,yarn weight chart,yarn weight chart,worsted vs bulky; yarn categories,charts,beginner,yarn weight chart,3,how-to-read-a-crochet-pattern,200,yes,live,Low priority,D,43,none on file
"How to Read a Crochet Pattern, Line by Line",https://www.crochetexplained.com/how-to-read-a-crochet-pattern/,pattern reading,how to read a crochet pattern,crochet pattern shorthand,skills,beginner,pattern reading,3,crochet-hook-size-conversion-chart; crochet-abbreviations-chart,200,yes,live,Low priority,D,42,none on file
How to Change Yarn Color in Crochet Cleanly,https://www.crochetexplained.com/changing-yarn-color-crochet/,color change,change yarn color crochet,crochet color change; no knot,skills,beginner,color change,3,,200,yes,live,Low priority,D,41,none on file
Crochet Increases and Decreases: Shaping Explained,https://www.crochetexplained.com/crochet-increase-decrease/,increases and decreases,crochet increase and decrease,invisible decrease; shaping,skills,beginner,increases and decreases,3,,200,yes,live,Low priority,D,41,none on file
Crochet Gauge: How to Measure It and Fix It,https://www.crochetexplained.com/crochet-gauge/,gauge,crochet gauge,crochet swatch; gauge too small,skills,beginner,gauge,3,,200,yes,live,Low priority,D,40,none on file
The Turning Chain: Why Your Edges Slant,https://www.crochetexplained.com/crochet-turning-chain/,turning chain,crochet turning chain,slanted crochet edge,skills,beginner,turning chain,3,,200,yes,live,Low priority,D,36,none on file
Finishing Crochet: Weaving In Ends and Blocking,https://www.crochetexplained.com/weaving-in-ends-and-blocking/,finishing,weaving in ends crochet,blocking crochet,skills,beginner,finishing,3,,200,yes,live,Low priority,D,36,none on file
Where to Find Free Crochet Patterns,https://www.crochetexplained.com/where-to-find-free-crochet-patterns/,pattern sources,free crochet patterns,where to find crochet patterns,patterns,beginner,pattern sources,3,crochet-abbreviations-chart; crochet-gauge; crochet-hook-size-conversion-chart; yarn-weight-chart; free-patterns; how-to-read-a-crochet-pattern; basic-crochet-stitches,200,yes,live,Low priority,D,35,none on file
