rank,score,band,class,title,url,season_25,demand_20,demand_basis,visual_20,click_20,useful_10,quality_5,primary_board,keyword
1,88,A,Trending now,"How to Crochet a Pumpkin, Step by Step",https://www.crochetexplained.com/how-to-crochet-a-pumpkin-step-by-step/,25,16,adjacent-official,16,18,9,4,Halloween Crochet,crochet pumpkin
2,86,A,Trending now,How to Crochet a Ghost Candy Bag,https://www.crochetexplained.com/how-to-crochet-a-ghost-candy-bag/,24,15,estimate,16,18,9,4,Halloween Crochet,crochet ghost candy bag
3,86,A,Trending now,How to Crochet a Pumpkin Treat Bag,https://www.crochetexplained.com/how-to-crochet-a-pumpkin-treat-bag/,24,15,adjacent-official,16,18,9,4,Halloween Crochet,crochet pumpkin treat bag
4,85,A,Trending now,Crochet Ghost Amigurumi for Beginners,https://www.crochetexplained.com/crochet-ghost-amigurumi-for-beginners/,24,14,estimate,16,18,9,4,Halloween Crochet,crochet ghost
5,81,B,Trending now,Halloween Crochet Card Wallet with Ghost (Easy Flap + Button),https://www.crochetexplained.com/halloween-crochet-card-wallet/,23,14,estimate,16,16,8,4,Halloween Crochet,halloween crochet card wallet
6,81,B,Rising soon,How to Crochet a Chunky Beanie,https://www.crochetexplained.com/how-to-crochet-a-chunky-beanie/,20,14,adjacent-official,16,18,9,4,Winter Crochet Projects,chunky crochet beanie
7,79,B,Trending now,Halloween Coasters: Pumpkin Circle and Granny Square Set,https://www.crochetexplained.com/free-pattern-halloween-coasters/,23,15,adjacent-official,13,16,9,3,Halloween Crochet,halloween crochet coasters
8,79,B,Rising soon,Easy Crochet Scarf for Beginners,https://www.crochetexplained.com/how-to-crochet-a-beginner-scarf/,20,15,adjacent-official,13,17,10,4,Winter Crochet Projects,easy crochet scarf
9,79,B,Trending now,How to Crochet a Pumpkin Zipper Pouch,https://www.crochetexplained.com/how-to-crochet-a-pumpkin-zipper-pouch/,22,14,adjacent-official,15,16,8,4,Halloween Crochet,crochet pumpkin pouch
10,78,B,Trending now,"Bat Amigurumi: Wings, Body and Ears",https://www.crochetexplained.com/bat-amigurumi-wings-body-and-ears/,23,14,estimate,15,16,6,4,Halloween Crochet,crochet bat
11,78,B,Rising soon,15 Easy Crochet Christmas Ornament Ideas,https://www.crochetexplained.com/easy-crochet-christmas-ornaments/,18,14,historical,16,17,9,4,Christmas Crochet,crochet christmas ornaments
12,78,B,Trending now,How to Crochet a Ghost Mini Wallet,https://www.crochetexplained.com/ghost-crochet-mini-wallet/,22,13,estimate,15,16,8,4,Halloween Crochet,crochet ghost wallet
13,78,B,Trending now,How to Crochet a Gothic Bat Earbuds Pouch,https://www.crochetexplained.com/gothic-bat-earbuds-pouch/,22,14,estimate,15,15,8,4,Halloween Crochet,crochet bat pouch
14,78,B,Trending now,How to Crochet a Ghost Coin Pouch,https://www.crochetexplained.com/how-to-crochet-a-ghost-coin-pouch/,22,13,estimate,15,16,8,4,Halloween Crochet,crochet ghost coin pouch
15,78,B,Rising soon,How to Crochet an Ear Warmer,https://www.crochetexplained.com/how-to-crochet-an-ear-warmer/,19,14,adjacent-official,15,17,9,4,Winter Crochet Projects,crochet ear warmer
16,77,B,Rising soon,How to Crochet a Christmas Gift Card Holder,https://www.crochetexplained.com/how-to-crochet-a-christmas-gift-card-holder/,18,14,estimate,15,17,9,4,Christmas Crochet,crochet gift card holder
17,77,B,Trending now,How to Crochet a Spider (and Web),https://www.crochetexplained.com/how-to-crochet-a-spider-and-web/,23,13,estimate,15,16,6,4,Halloween Crochet,crochet spider
18,77,B,Rising soon,How to Crochet Fingerless Gloves,https://www.crochetexplained.com/how-to-crochet-fingerless-gloves/,19,14,adjacent-official,15,17,8,4,Winter Crochet Projects,crochet fingerless gloves
19,76,B,Rising soon,Crochet Santa Amigurumi for Beginners,https://www.crochetexplained.com/crochet-santa-amigurumi-for-beginners/,17,13,estimate,16,17,9,4,Christmas Crochet,crochet santa
20,76,B,Trending now,Halloween Granny Square Variations,https://www.crochetexplained.com/halloween-granny-square-variations/,22,13,estimate,14,15,8,4,Halloween Crochet,halloween granny square
21,75,B,Trending now,How to Crochet a Fall Leaf,https://www.crochetexplained.com/how-to-crochet-a-fall-leaf/,22,14,adjacent-official,12,15,9,3,Home Crochet Projects,crochet fall leaf
22,75,B,Evergreen,How to Crochet a Phone Case for iPhone 18 Pro Max,https://www.crochetexplained.com/how-to-crochet-a-phone-case/,16,16,verified-name,15,16,8,4,Crochet Bags & Accessories,crochet phone case
23,74,B,Rising soon,"How to Crochet a Christmas Tree, Step by Step",https://www.crochetexplained.com/how-to-crochet-a-christmas-tree/,17,13,estimate,15,16,9,4,Christmas Crochet,crochet christmas tree
24,73,B,Rising soon,How to Crochet a Christmas Stocking,https://www.crochetexplained.com/how-to-crochet-a-christmas-stocking/,17,13,estimate,16,17,6,4,Christmas Crochet,crochet christmas stocking
25,73,B,Rising soon,How to Crochet a Wine Bottle Bag,https://www.crochetexplained.com/how-to-crochet-a-wine-bottle-bag/,17,13,estimate,15,16,8,4,Christmas Crochet,crochet wine bottle bag
26,72,B,Rising soon,Crochet Christmas Gift Ideas,https://www.crochetexplained.com/crochet-christmas-gift-ideas/,18,14,estimate,12,16,8,4,Christmas Crochet,crochet christmas gift ideas
27,72,B,Rising soon,How to Crochet a Hooded Scarf,https://www.crochetexplained.com/how-to-crochet-a-hooded-scarf/,18,13,adjacent-official,15,16,6,4,Winter Crochet Projects,crochet hooded scarf
28,72,B,Evergreen,How to Crochet a Lace Bandana,https://www.crochetexplained.com/how-to-crochet-a-lace-bandana/,16,16,verified-name,15,15,6,4,Crochet Bags & Accessories,crochet bandana
29,70,B,Evergreen,Crochet Mug Cozy for Beginners (Button Closure),https://www.crochetexplained.com/crochet-mug-cozy-for-beginners/,14,12,estimate,15,16,9,4,Practical Crochet Patterns,crochet mug cozy
30,69,C,Rising soon,"How to Crochet a Gnome, Step by Step",https://www.crochetexplained.com/how-to-crochet-a-gnome/,16,12,estimate,14,15,8,4,Christmas Crochet,crochet gnome
31,69,C,Rising soon,How to Crochet a Snowflake (and Make It Stay Flat),https://www.crochetexplained.com/how-to-crochet-a-snowflake/,16,12,historical,14,15,8,4,Christmas Crochet,crochet snowflake
32,67,C,Rising soon,Christmas Granny Square Variations,https://www.crochetexplained.com/christmas-granny-square-variations/,16,12,estimate,13,14,8,4,Christmas Crochet,christmas granny square
33,66,C,Rising soon,How to Crochet a Baby Blanket,https://www.crochetexplained.com/how-to-crochet-a-baby-blanket/,14,12,estimate,12,16,8,4,Small Crochet Gifts,crochet baby blanket
34,66,C,Evergreen,How to Crochet a Phone Crossbody,https://www.crochetexplained.com/how-to-crochet-a-phone-crossbody/,12,12,estimate,15,15,8,4,Crochet Bags & Accessories,crochet phone crossbody
35,65,C,Rising soon,How to Crochet a Christmas Tree Skirt,https://www.crochetexplained.com/how-to-crochet-a-christmas-tree-skirt/,16,12,estimate,14,14,6,3,Christmas Crochet,crochet tree skirt
36,64,C,Evergreen,How to Crochet a Tumbler Sleeve,https://www.crochetexplained.com/how-to-crochet-a-tumbler-sleeve/,12,11,estimate,14,15,8,4,Practical Crochet Patterns,crochet tumbler sleeve
37,64,C,Rising soon,How to Crochet Slippers,https://www.crochetexplained.com/how-to-crochet-slippers/,16,12,estimate,12,13,8,3,Winter Crochet Projects,crochet slippers
38,63,C,Evergreen,How to Crochet a Market Bag,https://www.crochetexplained.com/how-to-crochet-a-market-bag/,10,11,estimate,16,16,6,4,Crochet Bags & Accessories,crochet market bag
39,62,C,Evergreen,How to Crochet a Granny Square Tote,https://www.crochetexplained.com/how-to-crochet-a-granny-square-tote/,10,11,estimate,16,15,6,4,Crochet Bags & Accessories,granny square tote
40,62,C,Evergreen,"How to Crochet a Scrunchie (Beginner, One Evening)",https://www.crochetexplained.com/how-to-crochet-a-scrunchie/,10,11,estimate,14,14,9,4,Small Crochet Gifts,crochet scrunchie
41,61,C,Evergreen,How to Crochet a Mini Shoulder Bag,https://www.crochetexplained.com/how-to-crochet-a-mini-shoulder-bag/,10,10,estimate,15,14,8,4,Crochet Bags & Accessories,crochet mini shoulder bag
42,60,C,Evergreen,12 Crochet Bag Charm Ideas from Scrap Yarn,https://www.crochetexplained.com/crochet-bag-charm-ideas/,10,10,estimate,14,14,8,4,Small Crochet Gifts,crochet bag charm
43,60,C,Evergreen,How to Crochet a Makeup Pouch,https://www.crochetexplained.com/how-to-crochet-a-makeup-pouch/,10,10,estimate,14,14,8,4,Crochet Bags & Accessories,crochet makeup pouch
44,60,C,Evergreen,How to Crochet a Simple Flower (Beginner Appliqué),https://www.crochetexplained.com/how-to-crochet-a-simple-flower/,10,10,estimate,14,13,9,4,Beginner Crochet,crochet flower
45,59,C,Evergreen,How to Crochet a Book Sleeve,https://www.crochetexplained.com/how-to-crochet-a-book-sleeve/,9,10,estimate,14,14,8,4,Practical Crochet Patterns,crochet book sleeve
46,58,C,Evergreen,How to Crochet a Bowl Cozy,https://www.crochetexplained.com/how-to-crochet-a-bowl-cozy/,12,11,estimate,13,12,7,3,Home Crochet Projects,crochet bowl cozy
47,58,C,Rising soon,"Yarn for Christmas Crochet: Sparkle, Thread and What Actually Works",https://www.crochetexplained.com/yarn-for-christmas-crochet/,15,11,estimate,8,12,8,4,Christmas Crochet,yarn for christmas crochet
48,57,C,Evergreen,How to Crochet a Laptop Sleeve,https://www.crochetexplained.com/how-to-crochet-a-laptop-sleeve/,9,10,estimate,13,13,8,4,Practical Crochet Patterns,crochet laptop sleeve
49,56,C,Evergreen,How to Crochet an Earbud Pouch,https://www.crochetexplained.com/how-to-crochet-an-earbud-pouch/,9,9,estimate,13,13,8,4,Small Crochet Gifts,crochet earbud pouch
50,55,C,Evergreen,How to Crochet a Lip Balm Holder,https://www.crochetexplained.com/how-to-crochet-a-lip-balm-holder/,8,8,estimate,13,13,9,4,Small Crochet Gifts,crochet lip balm holder
51,52,C,Evergreen,"The 5 Basic Crochet Stitches, in the Order to Learn Them",https://www.crochetexplained.com/basic-crochet-stitches/,8,10,estimate,8,12,10,4,Beginner Crochet,basic crochet stitches
52,52,C,Low priority,How to Crochet a Cable Organizer,https://www.crochetexplained.com/how-to-crochet-a-cable-organizer/,8,8,estimate,12,12,8,4,Practical Crochet Patterns,crochet cable organizer
53,51,C,Evergreen,"What You Need to Start Crocheting: One Hook, One Yarn",https://www.crochetexplained.com/what-you-need-to-start-crocheting/,8,9,estimate,8,12,10,4,Beginner Crochet,what you need to start crocheting
54,50,C,Evergreen,Left-Handed Crochet: How to Follow Any Pattern,https://www.crochetexplained.com/left-handed-crochet/,7,8,estimate,8,14,9,4,Beginner Crochet,left handed crochet
55,45,D,Evergreen,"How to Crochet in the Round: Magic Ring, Spirals and Joined Rounds",https://www.crochetexplained.com/crochet-in-the-round/,7,8,estimate,7,10,9,4,Beginner Crochet,crochet in the round
56,43,D,Low priority,Crochet Abbreviations Chart: Every Term Explained (US & UK),https://www.crochetexplained.com/crochet-abbreviations-chart/,6,8,estimate,7,10,8,4,Beginner Crochet,crochet abbreviations
57,43,D,Low priority,Crochet Hook Size Chart: US Letters to Millimeters,https://www.crochetexplained.com/crochet-hook-size-conversion-chart/,6,8,estimate,7,10,8,4,Beginner Crochet,crochet hook size chart
58,43,D,Low priority,"Yarn Weight Chart: All 8 Categories, Plainly Explained",https://www.crochetexplained.com/yarn-weight-chart/,6,8,estimate,7,10,8,4,Beginner Crochet,yarn weight chart
59,42,D,Low priority,"How to Read a Crochet Pattern, Line by Line",https://www.crochetexplained.com/how-to-read-a-crochet-pattern/,6,7,estimate,6,10,9,4,Beginner Crochet,how to read a crochet pattern
60,41,D,Low priority,How to Change Yarn Color in Crochet Cleanly,https://www.crochetexplained.com/changing-yarn-color-crochet/,6,7,estimate,7,9,8,4,Beginner Crochet,change yarn color crochet
61,41,D,Low priority,Crochet Increases and Decreases: Shaping Explained,https://www.crochetexplained.com/crochet-increase-decrease/,6,7,estimate,7,9,8,4,Beginner Crochet,crochet increase and decrease
62,40,D,Low priority,Crochet Gauge: How to Measure It and Fix It,https://www.crochetexplained.com/crochet-gauge/,6,7,estimate,6,9,8,4,Beginner Crochet,crochet gauge
63,36,D,Low priority,The Turning Chain: Why Your Edges Slant,https://www.crochetexplained.com/crochet-turning-chain/,5,6,estimate,6,8,7,4,Beginner Crochet,crochet turning chain
64,36,D,Low priority,Finishing Crochet: Weaving In Ends and Blocking,https://www.crochetexplained.com/weaving-in-ends-and-blocking/,5,6,estimate,6,8,7,4,Beginner Crochet,weaving in ends crochet
65,35,D,Low priority,Where to Find Free Crochet Patterns,https://www.crochetexplained.com/where-to-find-free-crochet-patterns/,6,7,estimate,5,8,6,3,Beginner Crochet,free crochet patterns
