article_title,url,design,pin_title,description,image_headline,cta,visual_composition,board,secondary_board,alt_text,primary_keyword,search_intent,seasonal_window,pin_category,score,band
"How to Crochet a Pumpkin, Step by Step",https://www.crochetexplained.com/how-to-crochet-a-pumpkin-step-by-step/,A,Crochet pumpkin: see the written tutorial,"An orange crochet pumpkin with a green stem, shown as an illustration of the finished shape. US terms. crochet pumpkin. fall crochet, pumpkin decor. Open the full tutorial on Crochet Explained.",Crochet pumpkin,See the tutorial,"Design A, finished product. Large illustration of the stuffed pumpkin on a warm wood or paper background. One short headline. No fake button, no star ratings, no ""tested pattern"" badge.",Halloween Crochet,Home Crochet Projects,"Illustration of a stuffed pumpkin, not a yarn-tested sample. Headline: Crochet pumpkin.",crochet pumpkin,Make fall decor,"Oct 9-31, 2026",Finished product,88,A
"How to Crochet a Pumpkin, Step by Step",https://www.crochetexplained.com/how-to-crochet-a-pumpkin-step-by-step/,B,How to crochet a stuffed pumpkin,"The tutorial shows the sphere, the grooves, and the stem as separate steps. The written steps, materials, and the mistakes to watch for are on the page. crochet pumpkin.",Pumpkin tutorial,Get the instructions,"Design B, tutorial teaser. The finished stuffed pumpkin stays large. Add at most one accurate detail from the article, such as a piece laid flat or a measuring tape. Do not invent row counts on the image.",Halloween Crochet,Home Crochet Projects,Illustration introducing the stuffed pumpkin tutorial. Headline: Pumpkin tutorial.,crochet pumpkin,Make fall decor,"Oct 9-31, 2026",Tutorial teaser,88,A
How to Crochet a Ghost Candy Bag,https://www.crochetexplained.com/how-to-crochet-a-ghost-candy-bag/,A,Ghost candy bag: see the written tutorial,"A small white ghost bag with a drawstring, illustrated for wrapped candy. US terms. crochet ghost candy bag. halloween treat bag, ghost bag. Gauge estimate, not a fitted sample. Open the full tutorial on Crochet Explained.",Ghost candy bag,See the tutorial,"Design A, finished product. Large illustration of the ghost candy bag on a warm wood or paper background. One short headline. No fake button, no star ratings, no ""tested pattern"" badge.",Halloween Crochet,Small Crochet Gifts,"Illustration of a ghost candy bag, not a yarn-tested sample. Headline: Ghost candy bag.",crochet ghost candy bag,Make a treat bag,"Oct 9-31, 2026",Finished product,86,A
How to Crochet a Ghost Candy Bag,https://www.crochetexplained.com/how-to-crochet-a-ghost-candy-bag/,B,How to crochet a ghost candy bag,"Show the bag open enough that a reader can see it is a bag, not a stuffed ghost. The written steps, materials, and the mistakes to watch for are on the page. Gauge estimate, not a fitted sample. crochet ghost candy bag.",Ghost bag tutorial,Get the instructions,"Design B, tutorial teaser. The finished ghost candy bag stays large. Add at most one accurate detail from the article, such as a piece laid flat or a measuring tape. Do not invent row counts on the image.",Halloween Crochet,Small Crochet Gifts,Illustration introducing the ghost candy bag tutorial. Headline: Ghost bag tutorial.,crochet ghost candy bag,Make a treat bag,"Oct 9-31, 2026",Tutorial teaser,86,A
How to Crochet a Pumpkin Treat Bag,https://www.crochetexplained.com/how-to-crochet-a-pumpkin-treat-bag/,A,Pumpkin treat bag: see the written tutorial,"A small orange pumpkin bag with a drawstring, illustrated for a handful of wrapped candy. US terms. crochet pumpkin treat bag. halloween candy bag, pumpkin bag. Gauge estimate, not a fitted sample. Open the full tutorial on Crochet Explained.",Pumpkin treat bag,See the tutorial,"Design A, finished product. Large illustration of the pumpkin treat bag on a warm wood or paper background. One short headline. No fake button, no star ratings, no ""tested pattern"" badge.",Halloween Crochet,Small Crochet Gifts,"Illustration of a pumpkin treat bag, not a yarn-tested sample. Headline: Pumpkin treat bag.",crochet pumpkin treat bag,Make a candy bag,"Oct 9-31, 2026",Finished product,86,A
How to Crochet a Pumpkin Treat Bag,https://www.crochetexplained.com/how-to-crochet-a-pumpkin-treat-bag/,B,How to crochet a pumpkin treat bag,"The pin shows the finished bag and says the size is a gauge estimate. The written steps, materials, and the mistakes to watch for are on the page. Gauge estimate, not a fitted sample. crochet pumpkin treat bag.",Candy bag tutorial,Get the instructions,"Design B, tutorial teaser. The finished pumpkin treat bag stays large. Add at most one accurate detail from the article, such as a piece laid flat or a measuring tape. Do not invent row counts on the image.",Halloween Crochet,Small Crochet Gifts,Illustration introducing the pumpkin treat bag tutorial. Headline: Candy bag tutorial.,crochet pumpkin treat bag,Make a candy bag,"Oct 9-31, 2026",Tutorial teaser,86,A
Crochet Ghost Amigurumi for Beginners,https://www.crochetexplained.com/crochet-ghost-amigurumi-for-beginners/,A,Beginner crochet ghost: see the written tutorial,"A small white crochet ghost standing up, illustrated as the finished shape. US terms. crochet ghost. ghost amigurumi, beginner halloween crochet. Open the full tutorial on Crochet Explained.",Beginner crochet ghost,See the tutorial,"Design A, finished product. Large illustration of the beginner ghost on a warm wood or paper background. One short headline. No fake button, no star ratings, no ""tested pattern"" badge.",Halloween Crochet,Beginner Crochet,"Illustration of a beginner ghost, not a yarn-tested sample. Headline: Beginner crochet ghost.",crochet ghost,Make a small ghost,"Oct 9-31, 2026",Finished product,85,A
Crochet Ghost Amigurumi for Beginners,https://www.crochetexplained.com/crochet-ghost-amigurumi-for-beginners/,B,How to crochet a beginner ghost,"Show the ghost and mention the face is embroidered. The written steps, materials, and the mistakes to watch for are on the page. crochet ghost.",Ghost tutorial,Get the instructions,"Design B, tutorial teaser. The finished beginner ghost stays large. Add at most one accurate detail from the article, such as a piece laid flat or a measuring tape. Do not invent row counts on the image.",Halloween Crochet,Beginner Crochet,Illustration introducing the beginner ghost tutorial. Headline: Ghost tutorial.,crochet ghost,Make a small ghost,"Oct 9-31, 2026",Tutorial teaser,85,A
Halloween Crochet Card Wallet with Ghost (Easy Flap + Button),https://www.crochetexplained.com/halloween-crochet-card-wallet/,A,Halloween card wallet: see the written tutorial,"An orange card wallet with a tiny ghost, illustrated with a flap and button. US terms. halloween crochet card wallet. ghost card holder, crochet wallet. Measure a real card. Open the full tutorial on Crochet Explained.",Halloween card wallet,See the tutorial,"Design A, finished product. Large illustration of the ghost card wallet on a warm wood or paper background. One short headline. No fake button, no star ratings, no ""tested pattern"" badge.",Halloween Crochet,Small Crochet Gifts,"Illustration of a ghost card wallet, not a yarn-tested sample. Headline: Halloween card wallet.",halloween crochet card wallet,Make a small gift,"Oct 9-31, 2026",Finished product,81,B
Halloween Crochet Card Wallet with Ghost (Easy Flap + Button),https://www.crochetexplained.com/halloween-crochet-card-wallet/,B,How to crochet a ghost card wallet,"Show a card next to the wallet so the size is obvious. The written steps, materials, and the mistakes to watch for are on the page. Measure a real card. halloween crochet card wallet.",Wallet tutorial,Get the instructions,"Design B, tutorial teaser. The finished ghost card wallet stays large. Add at most one accurate detail from the article, such as a piece laid flat or a measuring tape. Do not invent row counts on the image.",Halloween Crochet,Small Crochet Gifts,Illustration introducing the ghost card wallet tutorial. Headline: Wallet tutorial.,halloween crochet card wallet,Make a small gift,"Oct 9-31, 2026",Tutorial teaser,81,B
How to Crochet a Chunky Beanie,https://www.crochetexplained.com/how-to-crochet-a-chunky-beanie/,A,Chunky crochet beanie: see the written tutorial,"A bulky beanie with a ribbed brim, illustrated as the intended shape. US terms. chunky crochet beanie. crochet hat, bulky beanie. Swatch before you trust the example count. Open the full tutorial on Crochet Explained.",Chunky crochet beanie,See the tutorial,"Design A, finished product. Large illustration of the chunky beanie on a warm wood or paper background. One short headline. No fake button, no star ratings, no ""tested pattern"" badge.",Winter Crochet Projects,Small Crochet Gifts,"Illustration of a chunky beanie, not a yarn-tested sample. Headline: Chunky crochet beanie.",chunky crochet beanie,Make a hat,"Oct 9-Dec 15, 2026",Finished product,81,B
How to Crochet a Chunky Beanie,https://www.crochetexplained.com/how-to-crochet-a-chunky-beanie/,B,How to crochet a chunky beanie,"Show the brim and the crown as two stages. The written steps, materials, and the mistakes to watch for are on the page. Swatch before you trust the example count. chunky crochet beanie.",Beanie tutorial,Get the instructions,"Design B, tutorial teaser. The finished chunky beanie stays large. Add at most one accurate detail from the article, such as a piece laid flat or a measuring tape. Do not invent row counts on the image.",Winter Crochet Projects,Small Crochet Gifts,Illustration introducing the chunky beanie tutorial. Headline: Beanie tutorial.,chunky crochet beanie,Make a hat,"Oct 9-Dec 15, 2026",Tutorial teaser,81,B
Halloween Coasters: Pumpkin Circle and Granny Square Set,https://www.crochetexplained.com/free-pattern-halloween-coasters/,A,Halloween coasters: see the written tutorial,"A flat pumpkin coaster beside orange, black, and purple granny squares. US terms. halloween crochet coasters. pumpkin coaster, granny square coaster. Not a hot pad. Not microwave use. Open the full tutorial on Crochet Explained.",Halloween coasters,See the tutorial,"Design A, finished product. Large illustration of the pumpkin coaster set on a warm wood or paper background. One short headline. No fake button, no star ratings, no ""tested pattern"" badge.",Halloween Crochet,Home Crochet Projects,"Illustration of a pumpkin coaster set, not a yarn-tested sample. Headline: Halloween coasters.",halloween crochet coasters,Make table decor,"Oct 9-31, 2026",Finished product,79,B
Halloween Coasters: Pumpkin Circle and Granny Square Set,https://www.crochetexplained.com/free-pattern-halloween-coasters/,B,Halloween crochet coasters,"Show the flat discs, not a hot pad, and say counts were checked on paper. The written steps, materials, and the mistakes to watch for are on the page. Not a hot pad. Not microwave use. halloween crochet coasters.",Coaster tutorial,Get the instructions,"Design B, tutorial teaser. The finished pumpkin coaster set stays large. Add at most one accurate detail from the article, such as a piece laid flat or a measuring tape. Do not invent row counts on the image.",Halloween Crochet,Home Crochet Projects,Illustration introducing the pumpkin coaster set tutorial. Headline: Coaster tutorial.,halloween crochet coasters,Make table decor,"Oct 9-31, 2026",Tutorial teaser,79,B
Easy Crochet Scarf for Beginners,https://www.crochetexplained.com/how-to-crochet-a-beginner-scarf/,A,Easy crochet scarf: see the written tutorial,"A long straight scarf in one stitch, illustrated as the finished length. US terms. easy crochet scarf. beginner scarf, half double crochet scarf. Not a yarn-tested sample. Open the full tutorial on Crochet Explained.",Easy crochet scarf,See the tutorial,"Design A, finished product. Large illustration of the beginner scarf on a warm wood or paper background. One short headline. No fake button, no star ratings, no ""tested pattern"" badge.",Winter Crochet Projects,Beginner Crochet,"Illustration of a beginner scarf, not a yarn-tested sample. Headline: Easy crochet scarf.",easy crochet scarf,Make a first scarf,"Oct 9-Dec 15, 2026",Finished product,79,B
Easy Crochet Scarf for Beginners,https://www.crochetexplained.com/how-to-crochet-a-beginner-scarf/,B,How to crochet an easy scarf,"Show a short swatch and the full scarf so the edge stays the point. The written steps, materials, and the mistakes to watch for are on the page. Not a yarn-tested sample. easy crochet scarf.",Scarf tutorial,Get the instructions,"Design B, tutorial teaser. The finished beginner scarf stays large. Add at most one accurate detail from the article, such as a piece laid flat or a measuring tape. Do not invent row counts on the image.",Winter Crochet Projects,Beginner Crochet,Illustration introducing the beginner scarf tutorial. Headline: Scarf tutorial.,easy crochet scarf,Make a first scarf,"Oct 9-Dec 15, 2026",Tutorial teaser,79,B
How to Crochet a Pumpkin Zipper Pouch,https://www.crochetexplained.com/how-to-crochet-a-pumpkin-zipper-pouch/,A,Pumpkin zipper pouch: see the written tutorial,"An orange pumpkin pouch with a sewn zipper and a green stem. US terms. crochet pumpkin pouch. pumpkin zipper pouch, halloween gift. Inches are gauge estimates. Open the full tutorial on Crochet Explained.",Pumpkin zipper pouch,See the tutorial,"Design A, finished product. Large illustration of the pumpkin zipper pouch on a warm wood or paper background. One short headline. No fake button, no star ratings, no ""tested pattern"" badge.",Halloween Crochet,Small Crochet Gifts,"Illustration of a pumpkin zipper pouch, not a yarn-tested sample. Headline: Pumpkin zipper pouch.",crochet pumpkin pouch,Make a zipper pouch,"Oct 9-31, 2026",Finished product,79,B
How to Crochet a Pumpkin Zipper Pouch,https://www.crochetexplained.com/how-to-crochet-a-pumpkin-zipper-pouch/,B,How to crochet a pumpkin zipper pouch,"Show the zipper as sewn on, not crocheted. The written steps, materials, and the mistakes to watch for are on the page. Inches are gauge estimates. crochet pumpkin pouch.",Zipper pouch tutorial,Get the instructions,"Design B, tutorial teaser. The finished pumpkin zipper pouch stays large. Add at most one accurate detail from the article, such as a piece laid flat or a measuring tape. Do not invent row counts on the image.",Halloween Crochet,Small Crochet Gifts,Illustration introducing the pumpkin zipper pouch tutorial. Headline: Zipper pouch tutorial.,crochet pumpkin pouch,Make a zipper pouch,"Oct 9-31, 2026",Tutorial teaser,79,B
"Bat Amigurumi: Wings, Body and Ears",https://www.crochetexplained.com/bat-amigurumi-wings-body-and-ears/,A,Crochet bat: see the written tutorial,"A small crochet bat with two wings and ears, illustrated as the finished piece. US terms. crochet bat. bat amigurumi, halloween crochet. Open the full tutorial on Crochet Explained.",Crochet bat,See the tutorial,"Design A, finished product. Large illustration of the small bat on a warm wood or paper background. One short headline. No fake button, no star ratings, no ""tested pattern"" badge.",Halloween Crochet,Beginner Crochet,"Illustration of a small bat, not a yarn-tested sample. Headline: Crochet bat.",crochet bat,Make a bat,"Oct 9-31, 2026",Finished product,78,B
"Bat Amigurumi: Wings, Body and Ears",https://www.crochetexplained.com/bat-amigurumi-wings-body-and-ears/,B,How to crochet a small bat,"Show the body and the wings before they are sewn on. The written steps, materials, and the mistakes to watch for are on the page. crochet bat.",Bat tutorial,Get the instructions,"Design B, tutorial teaser. The finished small bat stays large. Add at most one accurate detail from the article, such as a piece laid flat or a measuring tape. Do not invent row counts on the image.",Halloween Crochet,Beginner Crochet,Illustration introducing the small bat tutorial. Headline: Bat tutorial.,crochet bat,Make a bat,"Oct 9-31, 2026",Tutorial teaser,78,B
15 Easy Crochet Christmas Ornament Ideas,https://www.crochetexplained.com/easy-crochet-christmas-ornaments/,A,Easy crochet ornaments: see the written tutorial,"A small set of crochet ornaments, with the written star as the complete piece. US terms. crochet christmas ornaments. easy ornament, crochet star. The star is not a yarn-tested sample. Open the full tutorial on Crochet Explained.",Easy crochet ornaments,See the tutorial,"Design A, finished product. Large illustration of the christmas ornaments on a warm wood or paper background. One short headline. No fake button, no star ratings, no ""tested pattern"" badge.",Christmas Crochet,Small Crochet Gifts,"Illustration of a christmas ornaments, not a yarn-tested sample. Headline: Easy crochet ornaments.",crochet christmas ornaments,Make small ornaments,"Oct 20-Dec 20, 2026",Finished product,78,B
15 Easy Crochet Christmas Ornament Ideas,https://www.crochetexplained.com/easy-crochet-christmas-ornaments/,B,Easy crochet Christmas ornaments,"Show the flat star and say the other shapes link to their own tutorials. The written steps, materials, and the mistakes to watch for are on the page. The star is not a yarn-tested sample. crochet christmas ornaments.",Ornament ideas,Get the instructions,"Design B, tutorial teaser. The finished christmas ornaments stays large. Add at most one accurate detail from the article, such as a piece laid flat or a measuring tape. Do not invent row counts on the image.",Christmas Crochet,Small Crochet Gifts,Illustration introducing the christmas ornaments tutorial. Headline: Ornament ideas.,crochet christmas ornaments,Make small ornaments,"Oct 20-Dec 20, 2026",Tutorial teaser,78,B
How to Crochet a Ghost Mini Wallet,https://www.crochetexplained.com/ghost-crochet-mini-wallet/,A,Ghost mini wallet: see the written tutorial,"A white ghost mini wallet with a button flap. US terms. crochet ghost wallet. ghost card holder, mini wallet. Sized around an ID-1 card. Open the full tutorial on Crochet Explained.",Ghost mini wallet,See the tutorial,"Design A, finished product. Large illustration of the ghost mini wallet on a warm wood or paper background. One short headline. No fake button, no star ratings, no ""tested pattern"" badge.",Halloween Crochet,Small Crochet Gifts,"Illustration of a ghost mini wallet, not a yarn-tested sample. Headline: Ghost mini wallet.",crochet ghost wallet,Make a card holder,"Oct 9-31, 2026",Finished product,78,B
How to Crochet a Ghost Mini Wallet,https://www.crochetexplained.com/ghost-crochet-mini-wallet/,B,How to crochet a ghost mini wallet,"Show the wallet with a standard card for scale. The written steps, materials, and the mistakes to watch for are on the page. Sized around an ID-1 card. crochet ghost wallet.",Wallet tutorial,Get the instructions,"Design B, tutorial teaser. The finished ghost mini wallet stays large. Add at most one accurate detail from the article, such as a piece laid flat or a measuring tape. Do not invent row counts on the image.",Halloween Crochet,Small Crochet Gifts,Illustration introducing the ghost mini wallet tutorial. Headline: Wallet tutorial.,crochet ghost wallet,Make a card holder,"Oct 9-31, 2026",Tutorial teaser,78,B
How to Crochet a Gothic Bat Earbuds Pouch,https://www.crochetexplained.com/gothic-bat-earbuds-pouch/,A,Bat earbud pouch: see the written tutorial,"A black bat pouch with purple wings and a button flap. US terms. crochet bat pouch. gothic crochet, earbud pouch. Measure the case. Not drop-proof. Open the full tutorial on Crochet Explained.",Bat earbud pouch,See the tutorial,"Design A, finished product. Large illustration of the bat earbud pouch on a warm wood or paper background. One short headline. No fake button, no star ratings, no ""tested pattern"" badge.",Halloween Crochet,Small Crochet Gifts,"Illustration of a bat earbud pouch, not a yarn-tested sample. Headline: Bat earbud pouch.",crochet bat pouch,Make a small pouch,"Oct 9-31, 2026",Finished product,78,B
How to Crochet a Gothic Bat Earbuds Pouch,https://www.crochetexplained.com/gothic-bat-earbuds-pouch/,B,How to crochet a bat earbud pouch,"Show the pouch closed, with the keychain loop visible. The written steps, materials, and the mistakes to watch for are on the page. Measure the case. Not drop-proof. crochet bat pouch.",Pouch tutorial,Get the instructions,"Design B, tutorial teaser. The finished bat earbud pouch stays large. Add at most one accurate detail from the article, such as a piece laid flat or a measuring tape. Do not invent row counts on the image.",Halloween Crochet,Small Crochet Gifts,Illustration introducing the bat earbud pouch tutorial. Headline: Pouch tutorial.,crochet bat pouch,Make a small pouch,"Oct 9-31, 2026",Tutorial teaser,78,B
How to Crochet a Ghost Coin Pouch,https://www.crochetexplained.com/how-to-crochet-a-ghost-coin-pouch/,A,Ghost coin pouch: see the written tutorial,"A small white ghost pouch with a drawstring. US terms. crochet ghost coin pouch. ghost pouch, halloween crochet. Size is an estimate. Open the full tutorial on Crochet Explained.",Ghost coin pouch,See the tutorial,"Design A, finished product. Large illustration of the ghost coin pouch on a warm wood or paper background. One short headline. No fake button, no star ratings, no ""tested pattern"" badge.",Halloween Crochet,Small Crochet Gifts,"Illustration of a ghost coin pouch, not a yarn-tested sample. Headline: Ghost coin pouch.",crochet ghost coin pouch,Make a tiny pouch,"Oct 9-31, 2026",Finished product,78,B
How to Crochet a Ghost Coin Pouch,https://www.crochetexplained.com/how-to-crochet-a-ghost-coin-pouch/,B,How to crochet a ghost coin pouch,"Show the pouch next to a coin so the scale is clear. The written steps, materials, and the mistakes to watch for are on the page. Size is an estimate. crochet ghost coin pouch.",Pouch tutorial,Get the instructions,"Design B, tutorial teaser. The finished ghost coin pouch stays large. Add at most one accurate detail from the article, such as a piece laid flat or a measuring tape. Do not invent row counts on the image.",Halloween Crochet,Small Crochet Gifts,Illustration introducing the ghost coin pouch tutorial. Headline: Pouch tutorial.,crochet ghost coin pouch,Make a tiny pouch,"Oct 9-31, 2026",Tutorial teaser,78,B
How to Crochet an Ear Warmer,https://www.crochetexplained.com/how-to-crochet-an-ear-warmer/,A,Crochet ear warmer: see the written tutorial,"A ribbed ear warmer, illustrated as a band that meets at the back. US terms. crochet ear warmer. crochet headband, winter crochet. Stop when it fits the head. Open the full tutorial on Crochet Explained.",Crochet ear warmer,See the tutorial,"Design A, finished product. Large illustration of the ear warmer on a warm wood or paper background. One short headline. No fake button, no star ratings, no ""tested pattern"" badge.",Winter Crochet Projects,Small Crochet Gifts,"Illustration of a ear warmer, not a yarn-tested sample. Headline: Crochet ear warmer.",crochet ear warmer,Make a headband,"Oct 9-Dec 15, 2026",Finished product,78,B
How to Crochet an Ear Warmer,https://www.crochetexplained.com/how-to-crochet-an-ear-warmer/,B,How to crochet an ear warmer,"Show the band flat before it is seamed. The written steps, materials, and the mistakes to watch for are on the page. Stop when it fits the head. crochet ear warmer.",Ear warmer tutorial,Get the instructions,"Design B, tutorial teaser. The finished ear warmer stays large. Add at most one accurate detail from the article, such as a piece laid flat or a measuring tape. Do not invent row counts on the image.",Winter Crochet Projects,Small Crochet Gifts,Illustration introducing the ear warmer tutorial. Headline: Ear warmer tutorial.,crochet ear warmer,Make a headband,"Oct 9-Dec 15, 2026",Tutorial teaser,78,B
How to Crochet a Christmas Gift Card Holder,https://www.crochetexplained.com/how-to-crochet-a-christmas-gift-card-holder/,A,Gift card holder: see the written tutorial,"A small green pocket sized for a US gift card. US terms. crochet gift card holder. christmas gift card, small crochet gift. Inch estimates are not from a sample. Open the full tutorial on Crochet Explained.",Gift card holder,See the tutorial,"Design A, finished product. Large illustration of the gift card holder on a warm wood or paper background. One short headline. No fake button, no star ratings, no ""tested pattern"" badge.",Christmas Crochet,Small Crochet Gifts,"Illustration of a gift card holder, not a yarn-tested sample. Headline: Gift card holder.",crochet gift card holder,Make a gift wrap,"Oct 15-Dec 20, 2026",Finished product,77,B
How to Crochet a Christmas Gift Card Holder,https://www.crochetexplained.com/how-to-crochet-a-christmas-gift-card-holder/,B,How to crochet a gift card holder,"Show a gift card sliding into the pocket. The written steps, materials, and the mistakes to watch for are on the page. Inch estimates are not from a sample. crochet gift card holder.",Card holder tutorial,Get the instructions,"Design B, tutorial teaser. The finished gift card holder stays large. Add at most one accurate detail from the article, such as a piece laid flat or a measuring tape. Do not invent row counts on the image.",Christmas Crochet,Small Crochet Gifts,Illustration introducing the gift card holder tutorial. Headline: Card holder tutorial.,crochet gift card holder,Make a gift wrap,"Oct 15-Dec 20, 2026",Tutorial teaser,77,B
How to Crochet a Spider (and Web),https://www.crochetexplained.com/how-to-crochet-a-spider-and-web/,A,Crochet spider and web: see the written tutorial,"A crochet spider on a flat web, illustrated as a hanging pair. US terms. crochet spider. crochet spider web, halloween decor. Open the full tutorial on Crochet Explained.",Crochet spider and web,See the tutorial,"Design A, finished product. Large illustration of the spider and web on a warm wood or paper background. One short headline. No fake button, no star ratings, no ""tested pattern"" badge.",Halloween Crochet,Home Crochet Projects,"Illustration of a spider and web, not a yarn-tested sample. Headline: Crochet spider and web.",crochet spider,Make hanging decor,"Oct 9-31, 2026",Finished product,77,B
How to Crochet a Spider (and Web),https://www.crochetexplained.com/how-to-crochet-a-spider-and-web/,B,How to crochet a spider and web,"Show the spider and the web as two pieces that get sewn together. The written steps, materials, and the mistakes to watch for are on the page. crochet spider.",Spider tutorial,Get the instructions,"Design B, tutorial teaser. The finished spider and web stays large. Add at most one accurate detail from the article, such as a piece laid flat or a measuring tape. Do not invent row counts on the image.",Halloween Crochet,Home Crochet Projects,Illustration introducing the spider and web tutorial. Headline: Spider tutorial.,crochet spider,Make hanging decor,"Oct 9-31, 2026",Tutorial teaser,77,B
How to Crochet Fingerless Gloves,https://www.crochetexplained.com/how-to-crochet-fingerless-gloves/,A,Fingerless gloves: see the written tutorial,"A pair of fingerless gloves with a thumb opening. US terms. crochet fingerless gloves. crochet gloves, thumb opening. Counts are an example, not a fitted pair. Open the full tutorial on Crochet Explained.",Fingerless gloves,See the tutorial,"Design A, finished product. Large illustration of the fingerless gloves on a warm wood or paper background. One short headline. No fake button, no star ratings, no ""tested pattern"" badge.",Winter Crochet Projects,Small Crochet Gifts,"Illustration of a fingerless gloves, not a yarn-tested sample. Headline: Fingerless gloves.",crochet fingerless gloves,Make gloves,"Oct 9-Dec 15, 2026",Finished product,77,B
How to Crochet Fingerless Gloves,https://www.crochetexplained.com/how-to-crochet-fingerless-gloves/,B,How to crochet fingerless gloves,"Show one glove on its side so the thumb hole is visible. The written steps, materials, and the mistakes to watch for are on the page. Counts are an example, not a fitted pair. crochet fingerless gloves.",Glove tutorial,Get the instructions,"Design B, tutorial teaser. The finished fingerless gloves stays large. Add at most one accurate detail from the article, such as a piece laid flat or a measuring tape. Do not invent row counts on the image.",Winter Crochet Projects,Small Crochet Gifts,Illustration introducing the fingerless gloves tutorial. Headline: Glove tutorial.,crochet fingerless gloves,Make gloves,"Oct 9-Dec 15, 2026",Tutorial teaser,77,B
Crochet Santa Amigurumi for Beginners,https://www.crochetexplained.com/crochet-santa-amigurumi-for-beginners/,A,Beginner crochet Santa: see the written tutorial,"A small crochet Santa with a hat and beard. US terms. crochet santa. santa amigurumi, christmas crochet. Open the full tutorial on Crochet Explained.",Beginner crochet Santa,See the tutorial,"Design A, finished product. Large illustration of the santa amigurumi on a warm wood or paper background. One short headline. No fake button, no star ratings, no ""tested pattern"" badge.",Christmas Crochet,Beginner Crochet,"Illustration of a santa amigurumi, not a yarn-tested sample. Headline: Beginner crochet Santa.",crochet santa,Make a santa,"Nov 1-Dec 20, 2026",Finished product,76,B
Crochet Santa Amigurumi for Beginners,https://www.crochetexplained.com/crochet-santa-amigurumi-for-beginners/,B,How to crochet a santa amigurumi,"Show the body before the beard is added. The written steps, materials, and the mistakes to watch for are on the page. crochet santa.",Santa tutorial,Get the instructions,"Design B, tutorial teaser. The finished santa amigurumi stays large. Add at most one accurate detail from the article, such as a piece laid flat or a measuring tape. Do not invent row counts on the image.",Christmas Crochet,Beginner Crochet,Illustration introducing the santa amigurumi tutorial. Headline: Santa tutorial.,crochet santa,Make a santa,"Nov 1-Dec 20, 2026",Tutorial teaser,76,B
Halloween Granny Square Variations,https://www.crochetexplained.com/halloween-granny-square-variations/,A,Halloween granny squares: see the written tutorial,"Four halloween granny squares in orange, black, and cream. US terms. halloween granny square. candy corn granny square, crochet squares. Open the full tutorial on Crochet Explained.",Halloween granny squares,See the tutorial,"Design A, finished product. Large illustration of the halloween granny squares on a warm wood or paper background. One short headline. No fake button, no star ratings, no ""tested pattern"" badge.",Halloween Crochet,Beginner Crochet,"Illustration of a halloween granny squares, not a yarn-tested sample. Headline: Halloween granny squares.",halloween granny square,Learn a color layout,"Oct 9-31, 2026",Finished product,76,B
Halloween Granny Square Variations,https://www.crochetexplained.com/halloween-granny-square-variations/,B,Halloween granny square ideas,"Show one classic square and one candy-corn color order. The written steps, materials, and the mistakes to watch for are on the page. halloween granny square.",Square color ideas,Get the instructions,"Design B, tutorial teaser. The finished halloween granny squares stays large. Add at most one accurate detail from the article, such as a piece laid flat or a measuring tape. Do not invent row counts on the image.",Halloween Crochet,Beginner Crochet,Illustration introducing the halloween granny squares tutorial. Headline: Square color ideas.,halloween granny square,Learn a color layout,"Oct 9-31, 2026",Tutorial teaser,76,B
How to Crochet a Fall Leaf,https://www.crochetexplained.com/how-to-crochet-a-fall-leaf/,A,Crochet fall leaf: see the written tutorial,"One flat fall leaf in autumn colors, illustrated as a small piece. US terms. crochet fall leaf. fall crochet, leaf applique. Not a yarn sample. Open the full tutorial on Crochet Explained.",Crochet fall leaf,See the tutorial,"Design A, finished product. Large illustration of the fall leaf on a warm wood or paper background. One short headline. No fake button, no star ratings, no ""tested pattern"" badge.",Home Crochet Projects,Halloween Crochet,"Illustration of a fall leaf, not a yarn-tested sample. Headline: Crochet fall leaf.",crochet fall leaf,Make a small applique,"Oct 9-Nov 26, 2026",Finished product,75,B
How to Crochet a Fall Leaf,https://www.crochetexplained.com/how-to-crochet-a-fall-leaf/,B,How to crochet a fall leaf,"Show the leaf flat, with the stem, and say the counts were checked on paper. The written steps, materials, and the mistakes to watch for are on the page. Not a yarn sample. crochet fall leaf.",Leaf tutorial,Get the instructions,"Design B, tutorial teaser. The finished fall leaf stays large. Add at most one accurate detail from the article, such as a piece laid flat or a measuring tape. Do not invent row counts on the image.",Home Crochet Projects,Halloween Crochet,Illustration introducing the fall leaf tutorial. Headline: Leaf tutorial.,crochet fall leaf,Make a small applique,"Oct 9-Nov 26, 2026",Tutorial teaser,75,B
How to Crochet a Phone Case for iPhone 18 Pro Max,https://www.crochetexplained.com/how-to-crochet-a-phone-case/,A,Crochet phone case: see the written tutorial,"A crochet phone sleeve in a solid color, illustrated around a phone. US terms. crochet phone case. crochet phone sleeve, laced up. Sized in the article for one phone model. Measure yours. Open the full tutorial on Crochet Explained.",Crochet phone case,See the tutorial,"Design A, finished product. Large illustration of the phone case on a warm wood or paper background. One short headline. No fake button, no star ratings, no ""tested pattern"" badge.",Crochet Bags & Accessories,Beginner Crochet,"Illustration of a phone case, not a yarn-tested sample. Headline: Crochet phone case.",crochet phone case,Make a phone sleeve,Year-round; Laced Up is a 2026 Predicts theme,Finished product,75,B
How to Crochet a Phone Case for iPhone 18 Pro Max,https://www.crochetexplained.com/how-to-crochet-a-phone-case/,B,How to crochet a phone case,"Show the sleeve before it is seamed so the rectangle is clear. The written steps, materials, and the mistakes to watch for are on the page. Sized in the article for one phone model. Measure yours. crochet phone case.",Phone sleeve tutorial,Get the instructions,"Design B, tutorial teaser. The finished phone case stays large. Add at most one accurate detail from the article, such as a piece laid flat or a measuring tape. Do not invent row counts on the image.",Crochet Bags & Accessories,Beginner Crochet,Illustration introducing the phone case tutorial. Headline: Phone sleeve tutorial.,crochet phone case,Make a phone sleeve,Year-round; Laced Up is a 2026 Predicts theme,Tutorial teaser,75,B
"How to Crochet a Christmas Tree, Step by Step",https://www.crochetexplained.com/how-to-crochet-a-christmas-tree/,A,Crochet Christmas tree: see the written tutorial,"A small crochet Christmas tree that stands up. US terms. crochet christmas tree. small crochet tree, holiday decor. Open the full tutorial on Crochet Explained.",Crochet Christmas tree,See the tutorial,"Design A, finished product. Large illustration of the christmas tree on a warm wood or paper background. One short headline. No fake button, no star ratings, no ""tested pattern"" badge.",Christmas Crochet,Home Crochet Projects,"Illustration of a christmas tree, not a yarn-tested sample. Headline: Crochet Christmas tree.",crochet christmas tree,Make a small tree,"Oct 20-Dec 20, 2026",Finished product,74,B
"How to Crochet a Christmas Tree, Step by Step",https://www.crochetexplained.com/how-to-crochet-a-christmas-tree/,B,How to crochet a christmas tree,"Show a cone tree and mention the page also covers a flat triangle. The written steps, materials, and the mistakes to watch for are on the page. crochet christmas tree.",Tree tutorial,Get the instructions,"Design B, tutorial teaser. The finished christmas tree stays large. Add at most one accurate detail from the article, such as a piece laid flat or a measuring tape. Do not invent row counts on the image.",Christmas Crochet,Home Crochet Projects,Illustration introducing the christmas tree tutorial. Headline: Tree tutorial.,crochet christmas tree,Make a small tree,"Oct 20-Dec 20, 2026",Tutorial teaser,74,B
How to Crochet a Christmas Stocking,https://www.crochetexplained.com/how-to-crochet-a-christmas-stocking/,A,Crochet Christmas stocking: see the written tutorial,"A crochet stocking with a cuff, illustrated as the intended shape. US terms. crochet christmas stocking. crochet stocking, heel and toe. Example size is a gauge estimate. Open the full tutorial on Crochet Explained.",Crochet Christmas stocking,See the tutorial,"Design A, finished product. Large illustration of the christmas stocking on a warm wood or paper background. One short headline. No fake button, no star ratings, no ""tested pattern"" badge.",Christmas Crochet,Home Crochet Projects,"Illustration of a christmas stocking, not a yarn-tested sample. Headline: Crochet Christmas stocking.",crochet christmas stocking,Make a stocking,"Oct 20-Dec 15, 2026",Finished product,73,B
How to Crochet a Christmas Stocking,https://www.crochetexplained.com/how-to-crochet-a-christmas-stocking/,B,How to crochet a christmas stocking,"Show the cuff and the foot so the heel is part of the story. The written steps, materials, and the mistakes to watch for are on the page. Example size is a gauge estimate. crochet christmas stocking.",Stocking tutorial,Get the instructions,"Design B, tutorial teaser. The finished christmas stocking stays large. Add at most one accurate detail from the article, such as a piece laid flat or a measuring tape. Do not invent row counts on the image.",Christmas Crochet,Home Crochet Projects,Illustration introducing the christmas stocking tutorial. Headline: Stocking tutorial.,crochet christmas stocking,Make a stocking,"Oct 20-Dec 15, 2026",Tutorial teaser,73,B
How to Crochet a Wine Bottle Bag,https://www.crochetexplained.com/how-to-crochet-a-wine-bottle-bag/,A,Wine bottle bag: see the written tutorial,"A drawstring bag tall enough for a wine bottle. US terms. crochet wine bottle bag. hostess gift, bottle bag. Not a guaranteed fit. Open the full tutorial on Crochet Explained.",Wine bottle bag,See the tutorial,"Design A, finished product. Large illustration of the wine bottle bag on a warm wood or paper background. One short headline. No fake button, no star ratings, no ""tested pattern"" badge.",Christmas Crochet,Small Crochet Gifts,"Illustration of a wine bottle bag, not a yarn-tested sample. Headline: Wine bottle bag.",crochet wine bottle bag,Make a hostess gift,"Nov 1-Dec 24, 2026",Finished product,73,B
How to Crochet a Wine Bottle Bag,https://www.crochetexplained.com/how-to-crochet-a-wine-bottle-bag/,B,How to crochet a wine bottle bag,"Show the bag beside a bottle and say to measure that bottle. The written steps, materials, and the mistakes to watch for are on the page. Not a guaranteed fit. crochet wine bottle bag.",Bottle bag tutorial,Get the instructions,"Design B, tutorial teaser. The finished wine bottle bag stays large. Add at most one accurate detail from the article, such as a piece laid flat or a measuring tape. Do not invent row counts on the image.",Christmas Crochet,Small Crochet Gifts,Illustration introducing the wine bottle bag tutorial. Headline: Bottle bag tutorial.,crochet wine bottle bag,Make a hostess gift,"Nov 1-Dec 24, 2026",Tutorial teaser,73,B
Crochet Christmas Gift Ideas,https://www.crochetexplained.com/crochet-christmas-gift-ideas/,A,Christmas crochet gifts: see the written tutorial,"A still life of small crochet gifts, labeled as an illustration of the guide. US terms. crochet christmas gift ideas. handmade christmas gifts, crochet gifts. This page is a guide, not a new pattern. Open the full tutorial on Crochet Explained.",Christmas crochet gifts,See the tutorial,"Design A, finished product. Large illustration of the gift idea guide on a warm wood or paper background. One short headline. No fake button, no star ratings, no ""tested pattern"" badge.",Christmas Crochet,Beginner Crochet,"Illustration of a gift idea guide, not a yarn-tested sample. Headline: Christmas crochet gifts.",crochet christmas gift ideas,Choose a gift to make,"Oct 15-Dec 15, 2026",Finished product,72,B
Crochet Christmas Gift Ideas,https://www.crochetexplained.com/crochet-christmas-gift-ideas/,B,Crochet Christmas gift ideas,"Show three different objects and say each one has its own tutorial. The written steps, materials, and the mistakes to watch for are on the page. This page is a guide, not a new pattern. crochet christmas gift ideas.",Gift idea list,Get the instructions,"Design B, tutorial teaser. The finished gift idea guide stays large. Add at most one accurate detail from the article, such as a piece laid flat or a measuring tape. Do not invent row counts on the image.",Christmas Crochet,Beginner Crochet,Illustration introducing the gift idea guide tutorial. Headline: Gift idea list.,crochet christmas gift ideas,Choose a gift to make,"Oct 15-Dec 15, 2026",Tutorial teaser,72,B
How to Crochet a Hooded Scarf,https://www.crochetexplained.com/how-to-crochet-a-hooded-scarf/,A,Hooded scarf: see the written tutorial,"A scarf with a hood sewn at the center, illustrated as the finished shape. US terms. crochet hooded scarf. crochet hood, winter scarf. Length comes from your tape. Open the full tutorial on Crochet Explained.",Hooded scarf,See the tutorial,"Design A, finished product. Large illustration of the hooded scarf on a warm wood or paper background. One short headline. No fake button, no star ratings, no ""tested pattern"" badge.",Winter Crochet Projects,Beginner Crochet,"Illustration of a hooded scarf, not a yarn-tested sample. Headline: Hooded scarf.",crochet hooded scarf,Make a hooded scarf,"Oct 15-Dec 15, 2026",Finished product,72,B
How to Crochet a Hooded Scarf,https://www.crochetexplained.com/how-to-crochet-a-hooded-scarf/,B,How to crochet a hooded scarf,"Show the scarf and the hood as two pieces before sewing. The written steps, materials, and the mistakes to watch for are on the page. Length comes from your tape. crochet hooded scarf.",Hood tutorial,Get the instructions,"Design B, tutorial teaser. The finished hooded scarf stays large. Add at most one accurate detail from the article, such as a piece laid flat or a measuring tape. Do not invent row counts on the image.",Winter Crochet Projects,Beginner Crochet,Illustration introducing the hooded scarf tutorial. Headline: Hood tutorial.,crochet hooded scarf,Make a hooded scarf,"Oct 15-Dec 15, 2026",Tutorial teaser,72,B
How to Crochet a Lace Bandana,https://www.crochetexplained.com/how-to-crochet-a-lace-bandana/,A,Crochet lace bandana: see the written tutorial,"A cream triangle bandana with ties, illustrated as lace clusters. US terms. crochet bandana. lace bandana, triangle bandana. Not a worn sample. Open the full tutorial on Crochet Explained.",Crochet lace bandana,See the tutorial,"Design A, finished product. Large illustration of the lace bandana on a warm wood or paper background. One short headline. No fake button, no star ratings, no ""tested pattern"" badge.",Crochet Bags & Accessories,Beginner Crochet,"Illustration of a lace bandana, not a yarn-tested sample. Headline: Crochet lace bandana.",crochet bandana,Make a bandana,Year-round; Laced Up is a 2026 Predicts theme,Finished product,72,B
How to Crochet a Lace Bandana,https://www.crochetexplained.com/how-to-crochet-a-lace-bandana/,B,How to crochet a lace bandana,"Show the long edge and the ties, and say to measure the edge. The written steps, materials, and the mistakes to watch for are on the page. Not a worn sample. crochet bandana.",Bandana tutorial,Get the instructions,"Design B, tutorial teaser. The finished lace bandana stays large. Add at most one accurate detail from the article, such as a piece laid flat or a measuring tape. Do not invent row counts on the image.",Crochet Bags & Accessories,Beginner Crochet,Illustration introducing the lace bandana tutorial. Headline: Bandana tutorial.,crochet bandana,Make a bandana,Year-round; Laced Up is a 2026 Predicts theme,Tutorial teaser,72,B
Crochet Mug Cozy for Beginners (Button Closure),https://www.crochetexplained.com/crochet-mug-cozy-for-beginners/,A,Crochet mug cozy: see the written tutorial,"A crochet mug cozy with a button, illustrated on a plain mug. US terms. crochet mug cozy. mug sleeve, beginner crochet gift. Open the full tutorial on Crochet Explained.",Crochet mug cozy,See the tutorial,"Design A, finished product. Large illustration of the mug cozy on a warm wood or paper background. One short headline. No fake button, no star ratings, no ""tested pattern"" badge.",Practical Crochet Patterns,Small Crochet Gifts,"Illustration of a mug cozy, not a yarn-tested sample. Headline: Crochet mug cozy.",crochet mug cozy,Make a mug sleeve,"Oct 9-Dec 24, 2026",Finished product,70,B
Crochet Mug Cozy for Beginners (Button Closure),https://www.crochetexplained.com/crochet-mug-cozy-for-beginners/,B,How to crochet a mug cozy,"Show the rectangle before it wraps the mug. The written steps, materials, and the mistakes to watch for are on the page. crochet mug cozy.",Mug cozy tutorial,Get the instructions,"Design B, tutorial teaser. The finished mug cozy stays large. Add at most one accurate detail from the article, such as a piece laid flat or a measuring tape. Do not invent row counts on the image.",Practical Crochet Patterns,Small Crochet Gifts,Illustration introducing the mug cozy tutorial. Headline: Mug cozy tutorial.,crochet mug cozy,Make a mug sleeve,"Oct 9-Dec 24, 2026",Tutorial teaser,70,B
"How to Crochet a Gnome, Step by Step",https://www.crochetexplained.com/how-to-crochet-a-gnome/,A,Crochet gnome: see the written tutorial,"A crochet gnome with a tall hat and a beard. US terms. crochet gnome. christmas gnome, crochet hat. Open the full tutorial on Crochet Explained.",Crochet gnome,See the tutorial,"Design A, finished product. Large illustration of the gnome on a warm wood or paper background. One short headline. No fake button, no star ratings, no ""tested pattern"" badge.",Christmas Crochet,Beginner Crochet,"Illustration of a gnome, not a yarn-tested sample. Headline: Crochet gnome.",crochet gnome,Make a gnome,"Nov 1-Dec 20, 2026",Finished product,69,C
"How to Crochet a Gnome, Step by Step",https://www.crochetexplained.com/how-to-crochet-a-gnome/,B,How to crochet a gnome,"Show the cone, hat, nose, and beard as four pieces. The written steps, materials, and the mistakes to watch for are on the page. crochet gnome.",Gnome tutorial,Get the instructions,"Design B, tutorial teaser. The finished gnome stays large. Add at most one accurate detail from the article, such as a piece laid flat or a measuring tape. Do not invent row counts on the image.",Christmas Crochet,Beginner Crochet,Illustration introducing the gnome tutorial. Headline: Gnome tutorial.,crochet gnome,Make a gnome,"Nov 1-Dec 20, 2026",Tutorial teaser,69,C
How to Crochet a Snowflake (and Make It Stay Flat),https://www.crochetexplained.com/how-to-crochet-a-snowflake/,A,Crochet snowflake: see the written tutorial,"A six-point snowflake blocked flat. US terms. crochet snowflake. flat snowflake, christmas ornament. Open the full tutorial on Crochet Explained.",Crochet snowflake,See the tutorial,"Design A, finished product. Large illustration of the snowflake on a warm wood or paper background. One short headline. No fake button, no star ratings, no ""tested pattern"" badge.",Christmas Crochet,Home Crochet Projects,"Illustration of a snowflake, not a yarn-tested sample. Headline: Crochet snowflake.",crochet snowflake,Make an ornament,"Nov 1-Dec 20, 2026",Finished product,69,C
How to Crochet a Snowflake (and Make It Stay Flat),https://www.crochetexplained.com/how-to-crochet-a-snowflake/,B,How to crochet a snowflake,"Show a curled snowflake next to a flat one. The point is blocking. The written steps, materials, and the mistakes to watch for are on the page. crochet snowflake.",Snowflake tutorial,Get the instructions,"Design B, tutorial teaser. The finished snowflake stays large. Add at most one accurate detail from the article, such as a piece laid flat or a measuring tape. Do not invent row counts on the image.",Christmas Crochet,Home Crochet Projects,Illustration introducing the snowflake tutorial. Headline: Snowflake tutorial.,crochet snowflake,Make an ornament,"Nov 1-Dec 20, 2026",Tutorial teaser,69,C
Christmas Granny Square Variations,https://www.crochetexplained.com/christmas-granny-square-variations/,A,Christmas granny squares: see the written tutorial,"Granny squares in red, green, and cream. US terms. christmas granny square. red and green granny square. Open the full tutorial on Crochet Explained.",Christmas granny squares,See the tutorial,"Design A, finished product. Large illustration of the christmas granny squares on a warm wood or paper background. One short headline. No fake button, no star ratings, no ""tested pattern"" badge.",Christmas Crochet,Beginner Crochet,"Illustration of a christmas granny squares, not a yarn-tested sample. Headline: Christmas granny squares.",christmas granny square,Choose holiday colors,"Nov 1-Dec 20, 2026",Finished product,67,C
Christmas Granny Square Variations,https://www.crochetexplained.com/christmas-granny-square-variations/,B,Christmas granny square colors,"Show two color orders and say the page is about color, not a new square. The written steps, materials, and the mistakes to watch for are on the page. christmas granny square.",Holiday color layouts,Get the instructions,"Design B, tutorial teaser. The finished christmas granny squares stays large. Add at most one accurate detail from the article, such as a piece laid flat or a measuring tape. Do not invent row counts on the image.",Christmas Crochet,Beginner Crochet,Illustration introducing the christmas granny squares tutorial. Headline: Holiday color layouts.,christmas granny square,Choose holiday colors,"Nov 1-Dec 20, 2026",Tutorial teaser,67,C
How to Crochet a Baby Blanket,https://www.crochetexplained.com/how-to-crochet-a-baby-blanket/,A,Crochet baby blanket: see the written tutorial,"A simple baby blanket in one stitch, illustrated as a flat rectangle. US terms. crochet baby blanket. beginner baby blanket, half double crochet blanket. Not a tested sample. No buttons or ties. Open the full tutorial on Crochet Explained.",Crochet baby blanket,See the tutorial,"Design A, finished product. Large illustration of the baby blanket on a warm wood or paper background. One short headline. No fake button, no star ratings, no ""tested pattern"" badge.",Small Crochet Gifts,Beginner Crochet,"Illustration of a baby blanket, not a yarn-tested sample. Headline: Crochet baby blanket.",crochet baby blanket,Plan a baby blanket,Oct-Dec gift season; play-mat note is adjacent only,Finished product,66,C
How to Crochet a Baby Blanket,https://www.crochetexplained.com/how-to-crochet-a-baby-blanket/,B,How to crochet a baby blanket,"Show the blanket corner and say the size comes from a swatch. The written steps, materials, and the mistakes to watch for are on the page. Not a tested sample. No buttons or ties. crochet baby blanket.",Blanket tutorial,Get the instructions,"Design B, tutorial teaser. The finished baby blanket stays large. Add at most one accurate detail from the article, such as a piece laid flat or a measuring tape. Do not invent row counts on the image.",Small Crochet Gifts,Beginner Crochet,Illustration introducing the baby blanket tutorial. Headline: Blanket tutorial.,crochet baby blanket,Plan a baby blanket,Oct-Dec gift season; play-mat note is adjacent only,Tutorial teaser,66,C
How to Crochet a Phone Crossbody,https://www.crochetexplained.com/how-to-crochet-a-phone-crossbody/,A,Phone crossbody: see the written tutorial,"A small phone sleeve with a long strap. US terms. crochet phone crossbody. phone bag, crochet strap. Not waterproof. Measure the phone. Open the full tutorial on Crochet Explained.",Phone crossbody,See the tutorial,"Design A, finished product. Large illustration of the phone crossbody on a warm wood or paper background. One short headline. No fake button, no star ratings, no ""tested pattern"" badge.",Crochet Bags & Accessories,Small Crochet Gifts,"Illustration of a phone crossbody, not a yarn-tested sample. Headline: Phone crossbody.",crochet phone crossbody,Make a phone bag,Year-round,Finished product,66,C
How to Crochet a Phone Crossbody,https://www.crochetexplained.com/how-to-crochet-a-phone-crossbody/,B,How to crochet a phone crossbody,"Show the strap length beside the sleeve. The written steps, materials, and the mistakes to watch for are on the page. Not waterproof. Measure the phone. crochet phone crossbody.",Crossbody tutorial,Get the instructions,"Design B, tutorial teaser. The finished phone crossbody stays large. Add at most one accurate detail from the article, such as a piece laid flat or a measuring tape. Do not invent row counts on the image.",Crochet Bags & Accessories,Small Crochet Gifts,Illustration introducing the phone crossbody tutorial. Headline: Crossbody tutorial.,crochet phone crossbody,Make a phone bag,Year-round,Tutorial teaser,66,C
How to Crochet a Christmas Tree Skirt,https://www.crochetexplained.com/how-to-crochet-a-christmas-tree-skirt/,A,Crochet tree skirt: see the written tutorial,"A circular crochet skirt with a slit and a center hole. US terms. crochet tree skirt. christmas tree skirt, holiday crochet. Not yarn-tested and not used under a tree. Open the full tutorial on Crochet Explained.",Crochet tree skirt,See the tutorial,"Design A, finished product. Large illustration of the tree skirt on a warm wood or paper background. One short headline. No fake button, no star ratings, no ""tested pattern"" badge.",Christmas Crochet,Home Crochet Projects,"Illustration of a tree skirt, not a yarn-tested sample. Headline: Crochet tree skirt.",crochet tree skirt,Make a tree skirt,"Nov 1-Dec 10, 2026",Finished product,65,C
How to Crochet a Christmas Tree Skirt,https://www.crochetexplained.com/how-to-crochet-a-christmas-tree-skirt/,B,How to crochet a tree skirt,"Show the slit and the center opening, not a finished room. The written steps, materials, and the mistakes to watch for are on the page. Not yarn-tested and not used under a tree. crochet tree skirt.",Tree skirt tutorial,Get the instructions,"Design B, tutorial teaser. The finished tree skirt stays large. Add at most one accurate detail from the article, such as a piece laid flat or a measuring tape. Do not invent row counts on the image.",Christmas Crochet,Home Crochet Projects,Illustration introducing the tree skirt tutorial. Headline: Tree skirt tutorial.,crochet tree skirt,Make a tree skirt,"Nov 1-Dec 10, 2026",Tutorial teaser,65,C
How to Crochet a Tumbler Sleeve,https://www.crochetexplained.com/how-to-crochet-a-tumbler-sleeve/,A,Tumbler sleeve: see the written tutorial,"A cotton sleeve with a button, illustrated on a handled tumbler. US terms. crochet tumbler sleeve. cup sleeve, cotton cozy. Not a brand fit. Not oven or microwave use. Open the full tutorial on Crochet Explained.",Tumbler sleeve,See the tutorial,"Design A, finished product. Large illustration of the tumbler sleeve on a warm wood or paper background. One short headline. No fake button, no star ratings, no ""tested pattern"" badge.",Practical Crochet Patterns,Small Crochet Gifts,"Illustration of a tumbler sleeve, not a yarn-tested sample. Headline: Tumbler sleeve.",crochet tumbler sleeve,Make a cup sleeve,"Year-round, stronger in cold weather",Finished product,64,C
How to Crochet a Tumbler Sleeve,https://www.crochetexplained.com/how-to-crochet-a-tumbler-sleeve/,B,How to crochet a tumbler sleeve,"Show the sleeve open so it is clearly not a brand fit. The written steps, materials, and the mistakes to watch for are on the page. Not a brand fit. Not oven or microwave use. crochet tumbler sleeve.",Sleeve tutorial,Get the instructions,"Design B, tutorial teaser. The finished tumbler sleeve stays large. Add at most one accurate detail from the article, such as a piece laid flat or a measuring tape. Do not invent row counts on the image.",Practical Crochet Patterns,Small Crochet Gifts,Illustration introducing the tumbler sleeve tutorial. Headline: Sleeve tutorial.,crochet tumbler sleeve,Make a cup sleeve,"Year-round, stronger in cold weather",Tutorial teaser,64,C
How to Crochet Slippers,https://www.crochetexplained.com/how-to-crochet-slippers/,A,Crochet slippers: see the written tutorial,"Open-instep slippers: a sole, a short toe cap, and a heel tab. US terms. crochet slippers. house slippers, crochet sole. Soles slide on hard floors. Not shoes. Not yarn-tested. Open the full tutorial on Crochet Explained.",Crochet slippers,See the tutorial,"Design A, finished product. Large illustration of the open-instep slippers on a warm wood or paper background. One short headline. No fake button, no star ratings, no ""tested pattern"" badge.",Winter Crochet Projects,Practical Crochet Patterns,"Illustration of a open-instep slippers, not a yarn-tested sample. Headline: Crochet slippers.",crochet slippers,Make house slippers,"Nov-Dec, with a hard-floor warning",Finished product,64,C
How to Crochet Slippers,https://www.crochetexplained.com/how-to-crochet-slippers/,B,How to crochet slippers,"Show the three pieces flat before they are sewn. The written steps, materials, and the mistakes to watch for are on the page. Soles slide on hard floors. Not shoes. Not yarn-tested. crochet slippers.",Slipper tutorial,Get the instructions,"Design B, tutorial teaser. The finished open-instep slippers stays large. Add at most one accurate detail from the article, such as a piece laid flat or a measuring tape. Do not invent row counts on the image.",Winter Crochet Projects,Practical Crochet Patterns,Illustration introducing the open-instep slippers tutorial. Headline: Slipper tutorial.,crochet slippers,Make house slippers,"Nov-Dec, with a hard-floor warning",Tutorial teaser,64,C
How to Crochet a Market Bag,https://www.crochetexplained.com/how-to-crochet-a-market-bag/,A,Crochet market bag: see the written tutorial,"A cotton market bag with a solid base and mesh sides. US terms. crochet market bag. mesh market bag, cotton bag. Not a load rating. Open the full tutorial on Crochet Explained.",Crochet market bag,See the tutorial,"Design A, finished product. Large illustration of the market bag on a warm wood or paper background. One short headline. No fake button, no star ratings, no ""tested pattern"" badge.",Crochet Bags & Accessories,Practical Crochet Patterns,"Illustration of a market bag, not a yarn-tested sample. Headline: Crochet market bag.",crochet market bag,Make a shopping bag,Year-round,Finished product,63,C
How to Crochet a Market Bag,https://www.crochetexplained.com/how-to-crochet-a-market-bag/,B,How to crochet a market bag,"Show the solid base before the mesh starts. The written steps, materials, and the mistakes to watch for are on the page. Not a load rating. crochet market bag.",Market bag tutorial,Get the instructions,"Design B, tutorial teaser. The finished market bag stays large. Add at most one accurate detail from the article, such as a piece laid flat or a measuring tape. Do not invent row counts on the image.",Crochet Bags & Accessories,Practical Crochet Patterns,Illustration introducing the market bag tutorial. Headline: Market bag tutorial.,crochet market bag,Make a shopping bag,Year-round,Tutorial teaser,63,C
How to Crochet a Granny Square Tote,https://www.crochetexplained.com/how-to-crochet-a-granny-square-tote/,A,Granny square tote: see the written tutorial,"A tote made of classic granny squares and solid straps. US terms. granny square tote. crochet tote bag, granny squares. Open holes can drop small objects. Not yarn-tested. Open the full tutorial on Crochet Explained.",Granny square tote,See the tutorial,"Design A, finished product. Large illustration of the granny square tote on a warm wood or paper background. One short headline. No fake button, no star ratings, no ""tested pattern"" badge.",Crochet Bags & Accessories,Beginner Crochet,"Illustration of a granny square tote, not a yarn-tested sample. Headline: Granny square tote.",granny square tote,Make a tote,Year-round,Finished product,62,C
How to Crochet a Granny Square Tote,https://www.crochetexplained.com/how-to-crochet-a-granny-square-tote/,B,How to crochet a granny square tote,"Show one square and the joined bag. The written steps, materials, and the mistakes to watch for are on the page. Open holes can drop small objects. Not yarn-tested. granny square tote.",Tote tutorial,Get the instructions,"Design B, tutorial teaser. The finished granny square tote stays large. Add at most one accurate detail from the article, such as a piece laid flat or a measuring tape. Do not invent row counts on the image.",Crochet Bags & Accessories,Beginner Crochet,Illustration introducing the granny square tote tutorial. Headline: Tote tutorial.,granny square tote,Make a tote,Year-round,Tutorial teaser,62,C
"How to Crochet a Scrunchie (Beginner, One Evening)",https://www.crochetexplained.com/how-to-crochet-a-scrunchie/,A,Crochet scrunchie: see the written tutorial,"A crochet scrunchie over an elastic. US terms. crochet scrunchie. crochet hair tie, one evening crochet. Open the full tutorial on Crochet Explained.",Crochet scrunchie,See the tutorial,"Design A, finished product. Large illustration of the scrunchie on a warm wood or paper background. One short headline. No fake button, no star ratings, no ""tested pattern"" badge.",Small Crochet Gifts,Beginner Crochet,"Illustration of a scrunchie, not a yarn-tested sample. Headline: Crochet scrunchie.",crochet scrunchie,Make a scrunchie,Year-round,Finished product,62,C
"How to Crochet a Scrunchie (Beginner, One Evening)",https://www.crochetexplained.com/how-to-crochet-a-scrunchie/,B,How to crochet a scrunchie,"Show the tube before it is pulled onto the hair tie. The written steps, materials, and the mistakes to watch for are on the page. crochet scrunchie.",Scrunchie tutorial,Get the instructions,"Design B, tutorial teaser. The finished scrunchie stays large. Add at most one accurate detail from the article, such as a piece laid flat or a measuring tape. Do not invent row counts on the image.",Small Crochet Gifts,Beginner Crochet,Illustration introducing the scrunchie tutorial. Headline: Scrunchie tutorial.,crochet scrunchie,Make a scrunchie,Year-round,Tutorial teaser,62,C
How to Crochet a Mini Shoulder Bag,https://www.crochetexplained.com/how-to-crochet-a-mini-shoulder-bag/,A,Mini shoulder bag: see the written tutorial,"A small bag folded from a rectangle, with a short strap. US terms. crochet mini shoulder bag. small crochet bag, folded rectangle bag. Size is a gauge estimate. Open the full tutorial on Crochet Explained.",Mini shoulder bag,See the tutorial,"Design A, finished product. Large illustration of the mini shoulder bag on a warm wood or paper background. One short headline. No fake button, no star ratings, no ""tested pattern"" badge.",Crochet Bags & Accessories,Small Crochet Gifts,"Illustration of a mini shoulder bag, not a yarn-tested sample. Headline: Mini shoulder bag.",crochet mini shoulder bag,Make a small bag,Year-round,Finished product,61,C
How to Crochet a Mini Shoulder Bag,https://www.crochetexplained.com/how-to-crochet-a-mini-shoulder-bag/,B,How to crochet a mini shoulder bag,"Show the flat rectangle before the fold. The written steps, materials, and the mistakes to watch for are on the page. Size is a gauge estimate. crochet mini shoulder bag.",Bag tutorial,Get the instructions,"Design B, tutorial teaser. The finished mini shoulder bag stays large. Add at most one accurate detail from the article, such as a piece laid flat or a measuring tape. Do not invent row counts on the image.",Crochet Bags & Accessories,Small Crochet Gifts,Illustration introducing the mini shoulder bag tutorial. Headline: Bag tutorial.,crochet mini shoulder bag,Make a small bag,Year-round,Tutorial teaser,61,C
12 Crochet Bag Charm Ideas from Scrap Yarn,https://www.crochetexplained.com/crochet-bag-charm-ideas/,A,Crochet bag charms: see the written tutorial,"A few tiny charms, with the heart as the one complete piece. US terms. crochet bag charm. scrap yarn charm, tiny crochet. Only the heart is a complete written piece. Not yarn-tested. Open the full tutorial on Crochet Explained.",Crochet bag charms,See the tutorial,"Design A, finished product. Large illustration of the bag charms on a warm wood or paper background. One short headline. No fake button, no star ratings, no ""tested pattern"" badge.",Small Crochet Gifts,Beginner Crochet,"Illustration of a bag charms, not a yarn-tested sample. Headline: Crochet bag charms.",crochet bag charm,Use scrap yarn,Year-round,Finished product,60,C
12 Crochet Bag Charm Ideas from Scrap Yarn,https://www.crochetexplained.com/crochet-bag-charm-ideas/,B,Crochet bag charm ideas,"Show the heart and say the other shapes are ideas, not full patterns. The written steps, materials, and the mistakes to watch for are on the page. Only the heart is a complete written piece. Not yarn-tested. crochet bag charm.",Charm ideas,Get the instructions,"Design B, tutorial teaser. The finished bag charms stays large. Add at most one accurate detail from the article, such as a piece laid flat or a measuring tape. Do not invent row counts on the image.",Small Crochet Gifts,Beginner Crochet,Illustration introducing the bag charms tutorial. Headline: Charm ideas.,crochet bag charm,Use scrap yarn,Year-round,Tutorial teaser,60,C
How to Crochet a Makeup Pouch,https://www.crochetexplained.com/how-to-crochet-a-makeup-pouch/,A,Makeup pouch: see the written tutorial,"A cotton drawstring pouch. US terms. crochet makeup pouch. drawstring pouch, cotton pouch. Inches are gauge estimates. Open the full tutorial on Crochet Explained.",Makeup pouch,See the tutorial,"Design A, finished product. Large illustration of the makeup pouch on a warm wood or paper background. One short headline. No fake button, no star ratings, no ""tested pattern"" badge.",Crochet Bags & Accessories,Small Crochet Gifts,"Illustration of a makeup pouch, not a yarn-tested sample. Headline: Makeup pouch.",crochet makeup pouch,Make a pouch,Year-round,Finished product,60,C
How to Crochet a Makeup Pouch,https://www.crochetexplained.com/how-to-crochet-a-makeup-pouch/,B,How to crochet a makeup pouch,"Show the pouch open. The written steps, materials, and the mistakes to watch for are on the page. Inches are gauge estimates. crochet makeup pouch.",Pouch tutorial,Get the instructions,"Design B, tutorial teaser. The finished makeup pouch stays large. Add at most one accurate detail from the article, such as a piece laid flat or a measuring tape. Do not invent row counts on the image.",Crochet Bags & Accessories,Small Crochet Gifts,Illustration introducing the makeup pouch tutorial. Headline: Pouch tutorial.,crochet makeup pouch,Make a pouch,Year-round,Tutorial teaser,60,C
How to Crochet a Simple Flower (Beginner Appliqué),https://www.crochetexplained.com/how-to-crochet-a-simple-flower/,A,Simple crochet flower: see the written tutorial,"A flat five-petal flower. US terms. crochet flower. crochet applique, five petal flower. Open the full tutorial on Crochet Explained.",Simple crochet flower,See the tutorial,"Design A, finished product. Large illustration of the simple flower on a warm wood or paper background. One short headline. No fake button, no star ratings, no ""tested pattern"" badge.",Beginner Crochet,Small Crochet Gifts,"Illustration of a simple flower, not a yarn-tested sample. Headline: Simple crochet flower.",crochet flower,Make an applique,Year-round,Finished product,60,C
How to Crochet a Simple Flower (Beginner Appliqué),https://www.crochetexplained.com/how-to-crochet-a-simple-flower/,B,How to crochet a simple flower,"Show the flower sewn on a hat or bag as the use, not a bouquet pattern. The written steps, materials, and the mistakes to watch for are on the page. crochet flower.",Flower tutorial,Get the instructions,"Design B, tutorial teaser. The finished simple flower stays large. Add at most one accurate detail from the article, such as a piece laid flat or a measuring tape. Do not invent row counts on the image.",Beginner Crochet,Small Crochet Gifts,Illustration introducing the simple flower tutorial. Headline: Flower tutorial.,crochet flower,Make an applique,Year-round,Tutorial teaser,60,C
How to Crochet a Book Sleeve,https://www.crochetexplained.com/how-to-crochet-a-book-sleeve/,A,Crochet book sleeve: see the written tutorial,"A sleeve folded around a paperback. US terms. crochet book sleeve. book cozy, paperback sleeve. Soft cover only. Not water protection. Open the full tutorial on Crochet Explained.",Crochet book sleeve,See the tutorial,"Design A, finished product. Large illustration of the book sleeve on a warm wood or paper background. One short headline. No fake button, no star ratings, no ""tested pattern"" badge.",Practical Crochet Patterns,Small Crochet Gifts,"Illustration of a book sleeve, not a yarn-tested sample. Headline: Crochet book sleeve.",crochet book sleeve,Cover a book,Year-round,Finished product,59,C
How to Crochet a Book Sleeve,https://www.crochetexplained.com/how-to-crochet-a-book-sleeve/,B,How to crochet a book sleeve,"Show the book being measured, not a laptop. The written steps, materials, and the mistakes to watch for are on the page. Soft cover only. Not water protection. crochet book sleeve.",Book sleeve tutorial,Get the instructions,"Design B, tutorial teaser. The finished book sleeve stays large. Add at most one accurate detail from the article, such as a piece laid flat or a measuring tape. Do not invent row counts on the image.",Practical Crochet Patterns,Small Crochet Gifts,Illustration introducing the book sleeve tutorial. Headline: Book sleeve tutorial.,crochet book sleeve,Cover a book,Year-round,Tutorial teaser,59,C
How to Crochet a Bowl Cozy,https://www.crochetexplained.com/how-to-crochet-a-bowl-cozy/,A,Cotton bowl cozy: see the written tutorial,"A square cotton cozy with pinched corners and a bowl inside. US terms. crochet bowl cozy. cotton bowl holder, kitchen crochet. Not heat-tested. Does not promise microwave safety. Open the full tutorial on Crochet Explained.",Cotton bowl cozy,See the tutorial,"Design A, finished product. Large illustration of the bowl cozy on a warm wood or paper background. One short headline. No fake button, no star ratings, no ""tested pattern"" badge.",Home Crochet Projects,Practical Crochet Patterns,"Illustration of a bowl cozy, not a yarn-tested sample. Headline: Cotton bowl cozy.",crochet bowl cozy,Make a bowl holder,Fall and winter table use,Finished product,58,C
How to Crochet a Bowl Cozy,https://www.crochetexplained.com/how-to-crochet-a-bowl-cozy/,B,How to crochet a bowl cozy,"Show two solid single-crochet squares before the corners are pinched. The written steps, materials, and the mistakes to watch for are on the page. Not heat-tested. Does not promise microwave safety. crochet bowl cozy.",Bowl cozy tutorial,Get the instructions,"Design B, tutorial teaser. The finished bowl cozy stays large. Add at most one accurate detail from the article, such as a piece laid flat or a measuring tape. Do not invent row counts on the image.",Home Crochet Projects,Practical Crochet Patterns,Illustration introducing the bowl cozy tutorial. Headline: Bowl cozy tutorial.,crochet bowl cozy,Make a bowl holder,Fall and winter table use,Tutorial teaser,58,C
"Yarn for Christmas Crochet: Sparkle, Thread and What Actually Works",https://www.crochetexplained.com/yarn-for-christmas-crochet/,A,Christmas crochet yarn: see the written tutorial,"Skeins of worsted, thread, and metallic yarn on a table. US terms. yarn for christmas crochet. sparkle yarn, ornament yarn. Open the full tutorial on Crochet Explained.",Christmas crochet yarn,See the tutorial,"Design A, finished product. Large illustration of the yarn guide on a warm wood or paper background. One short headline. No fake button, no star ratings, no ""tested pattern"" badge.",Christmas Crochet,Beginner Crochet,"Illustration of a yarn guide, not a yarn-tested sample. Headline: Christmas crochet yarn.",yarn for christmas crochet,Choose holiday yarn,Nov-Dec,Finished product,58,C
"Yarn for Christmas Crochet: Sparkle, Thread and What Actually Works",https://www.crochetexplained.com/yarn-for-christmas-crochet/,B,Yarn for Christmas crochet,"Show metallic yarn beside a plain skein. The pin is about which yarn to buy. The written steps, materials, and the mistakes to watch for are on the page. yarn for christmas crochet.",Yarn guide,Get the instructions,"Design B, tutorial teaser. The finished yarn guide stays large. Add at most one accurate detail from the article, such as a piece laid flat or a measuring tape. Do not invent row counts on the image.",Christmas Crochet,Beginner Crochet,Illustration introducing the yarn guide tutorial. Headline: Yarn guide.,yarn for christmas crochet,Choose holiday yarn,Nov-Dec,Tutorial teaser,58,C
How to Crochet a Laptop Sleeve,https://www.crochetexplained.com/how-to-crochet-a-laptop-sleeve/,A,Laptop sleeve: see the written tutorial,"A sleeve folded from a rectangle, illustrated around a closed laptop. US terms. crochet laptop sleeve. laptop cover, crochet sleeve. Not waterproof and not drop protection. Open the full tutorial on Crochet Explained.",Laptop sleeve,See the tutorial,"Design A, finished product. Large illustration of the laptop sleeve on a warm wood or paper background. One short headline. No fake button, no star ratings, no ""tested pattern"" badge.",Practical Crochet Patterns,Crochet Bags & Accessories,"Illustration of a laptop sleeve, not a yarn-tested sample. Headline: Laptop sleeve.",crochet laptop sleeve,Cover a laptop,Year-round,Finished product,57,C
How to Crochet a Laptop Sleeve,https://www.crochetexplained.com/how-to-crochet-a-laptop-sleeve/,B,How to crochet a laptop sleeve,"Show a tape on the closed laptop, not the screen size on the box. The written steps, materials, and the mistakes to watch for are on the page. Not waterproof and not drop protection. crochet laptop sleeve.",Sleeve tutorial,Get the instructions,"Design B, tutorial teaser. The finished laptop sleeve stays large. Add at most one accurate detail from the article, such as a piece laid flat or a measuring tape. Do not invent row counts on the image.",Practical Crochet Patterns,Crochet Bags & Accessories,Illustration introducing the laptop sleeve tutorial. Headline: Sleeve tutorial.,crochet laptop sleeve,Cover a laptop,Year-round,Tutorial teaser,57,C
How to Crochet an Earbud Pouch,https://www.crochetexplained.com/how-to-crochet-an-earbud-pouch/,A,Earbud pouch: see the written tutorial,"A small sage pouch with a button flap. US terms. crochet earbud pouch. airpods pouch, button pouch. Not drop-proof or waterproof. Open the full tutorial on Crochet Explained.",Earbud pouch,See the tutorial,"Design A, finished product. Large illustration of the earbud pouch on a warm wood or paper background. One short headline. No fake button, no star ratings, no ""tested pattern"" badge.",Small Crochet Gifts,Practical Crochet Patterns,"Illustration of a earbud pouch, not a yarn-tested sample. Headline: Earbud pouch.",crochet earbud pouch,Make a small pouch,Year-round,Finished product,56,C
How to Crochet an Earbud Pouch,https://www.crochetexplained.com/how-to-crochet-an-earbud-pouch/,B,How to crochet an earbud pouch,"Show the pouch next to an earbud case for scale. The written steps, materials, and the mistakes to watch for are on the page. Not drop-proof or waterproof. crochet earbud pouch.",Pouch tutorial,Get the instructions,"Design B, tutorial teaser. The finished earbud pouch stays large. Add at most one accurate detail from the article, such as a piece laid flat or a measuring tape. Do not invent row counts on the image.",Small Crochet Gifts,Practical Crochet Patterns,Illustration introducing the earbud pouch tutorial. Headline: Pouch tutorial.,crochet earbud pouch,Make a small pouch,Year-round,Tutorial teaser,56,C
How to Crochet a Lip Balm Holder,https://www.crochetexplained.com/how-to-crochet-a-lip-balm-holder/,A,Lip balm holder: see the written tutorial,"A small sleeve and key loop for a lip balm tube. US terms. crochet lip balm holder. lip balm sleeve, keychain crochet. Measure the tube. Open the full tutorial on Crochet Explained.",Lip balm holder,See the tutorial,"Design A, finished product. Large illustration of the lip balm holder on a warm wood or paper background. One short headline. No fake button, no star ratings, no ""tested pattern"" badge.",Small Crochet Gifts,Beginner Crochet,"Illustration of a lip balm holder, not a yarn-tested sample. Headline: Lip balm holder.",crochet lip balm holder,Make a tiny holder,Year-round,Finished product,55,C
How to Crochet a Lip Balm Holder,https://www.crochetexplained.com/how-to-crochet-a-lip-balm-holder/,B,How to crochet a lip balm holder,"Show the tube next to the sleeve. The written steps, materials, and the mistakes to watch for are on the page. Measure the tube. crochet lip balm holder.",Holder tutorial,Get the instructions,"Design B, tutorial teaser. The finished lip balm holder stays large. Add at most one accurate detail from the article, such as a piece laid flat or a measuring tape. Do not invent row counts on the image.",Small Crochet Gifts,Beginner Crochet,Illustration introducing the lip balm holder tutorial. Headline: Holder tutorial.,crochet lip balm holder,Make a tiny holder,Year-round,Tutorial teaser,55,C
"The 5 Basic Crochet Stitches, in the Order to Learn Them",https://www.crochetexplained.com/basic-crochet-stitches/,A,5 basic crochet stitches: see the written tutorial,"Five stitch swatches in a row, labeled sc, hdc, dc, tr, and slip stitch. US terms. basic crochet stitches. single crochet, double crochet. Open the full tutorial on Crochet Explained.",5 basic crochet stitches,See the tutorial,"Design A, finished product. Large illustration of the five stitches on a warm wood or paper background. One short headline. No fake button, no star ratings, no ""tested pattern"" badge.",Beginner Crochet,,"Illustration of a five stitches, not a yarn-tested sample. Headline: 5 basic crochet stitches.",basic crochet stitches,Learn the stitches,Year-round,Finished product,52,C
"The 5 Basic Crochet Stitches, in the Order to Learn Them",https://www.crochetexplained.com/basic-crochet-stitches/,B,The 5 basic crochet stitches,"Show one swatch growing from slip stitch to treble. The written steps, materials, and the mistakes to watch for are on the page. basic crochet stitches.",Stitch order,Get the instructions,"Design B, tutorial teaser. The finished five stitches stays large. Add at most one accurate detail from the article, such as a piece laid flat or a measuring tape. Do not invent row counts on the image.",Beginner Crochet,,Illustration introducing the five stitches tutorial. Headline: Stitch order.,basic crochet stitches,Learn the stitches,Year-round,Tutorial teaser,52,C
How to Crochet a Cable Organizer,https://www.crochetexplained.com/how-to-crochet-a-cable-organizer/,A,Cable organizer: see the written tutorial,"A short strap wrapped around one coiled cable. US terms. crochet cable organizer. cord wrap, charging cable holder. Not crush-proof. Open the full tutorial on Crochet Explained.",Cable organizer,See the tutorial,"Design A, finished product. Large illustration of the cable organizer on a warm wood or paper background. One short headline. No fake button, no star ratings, no ""tested pattern"" badge.",Practical Crochet Patterns,Small Crochet Gifts,"Illustration of a cable organizer, not a yarn-tested sample. Headline: Cable organizer.",crochet cable organizer,Wrap a cable,"Year-round, low seasonal pull",Finished product,52,C
How to Crochet a Cable Organizer,https://www.crochetexplained.com/how-to-crochet-a-cable-organizer/,B,How to crochet a cable organizer,"Show one cable, not a whole drawer of cords. The written steps, materials, and the mistakes to watch for are on the page. Not crush-proof. crochet cable organizer.",Wrap tutorial,Get the instructions,"Design B, tutorial teaser. The finished cable organizer stays large. Add at most one accurate detail from the article, such as a piece laid flat or a measuring tape. Do not invent row counts on the image.",Practical Crochet Patterns,Small Crochet Gifts,Illustration introducing the cable organizer tutorial. Headline: Wrap tutorial.,crochet cable organizer,Wrap a cable,"Year-round, low seasonal pull",Tutorial teaser,52,C
"What You Need to Start Crocheting: One Hook, One Yarn",https://www.crochetexplained.com/what-you-need-to-start-crocheting/,A,Start crocheting: see the written tutorial,"One hook and one skein of light solid yarn. US terms. what you need to start crocheting. beginner crochet supplies, first hook. Open the full tutorial on Crochet Explained.",Start crocheting,See the tutorial,"Design A, finished product. Large illustration of the starter supplies on a warm wood or paper background. One short headline. No fake button, no star ratings, no ""tested pattern"" badge.",Beginner Crochet,,"Illustration of a starter supplies, not a yarn-tested sample. Headline: Start crocheting.",what you need to start crocheting,Buy a first kit,Year-round,Finished product,51,C
"What You Need to Start Crocheting: One Hook, One Yarn",https://www.crochetexplained.com/what-you-need-to-start-crocheting/,B,What you need to start crocheting,"Show the hook size chart as a reason to open the page. The written steps, materials, and the mistakes to watch for are on the page. what you need to start crocheting.",Supply list,Get the instructions,"Design B, tutorial teaser. The finished starter supplies stays large. Add at most one accurate detail from the article, such as a piece laid flat or a measuring tape. Do not invent row counts on the image.",Beginner Crochet,,Illustration introducing the starter supplies tutorial. Headline: Supply list.,what you need to start crocheting,Buy a first kit,Year-round,Tutorial teaser,51,C
Left-Handed Crochet: How to Follow Any Pattern,https://www.crochetexplained.com/left-handed-crochet/,A,Left-handed crochet: see the written tutorial,"Hands holding a hook, with the working yarn on the left. US terms. left handed crochet. mirror a crochet pattern, left handed tutorial. Open the full tutorial on Crochet Explained.",Left-handed crochet,See the tutorial,"Design A, finished product. Large illustration of the left-handed guide on a warm wood or paper background. One short headline. No fake button, no star ratings, no ""tested pattern"" badge.",Beginner Crochet,,"Illustration of a left-handed guide, not a yarn-tested sample. Headline: Left-handed crochet.",left handed crochet,Follow patterns left-handed,Year-round,Finished product,50,C
Left-Handed Crochet: How to Follow Any Pattern,https://www.crochetexplained.com/left-handed-crochet/,B,"Left-handed crochet, explained","Show a diagram arrow reversed. The page is the explanation. The written steps, materials, and the mistakes to watch for are on the page. left handed crochet.",How to mirror a pattern,Get the instructions,"Design B, tutorial teaser. The finished left-handed guide stays large. Add at most one accurate detail from the article, such as a piece laid flat or a measuring tape. Do not invent row counts on the image.",Beginner Crochet,,Illustration introducing the left-handed guide tutorial. Headline: How to mirror a pattern.,left handed crochet,Follow patterns left-handed,Year-round,Tutorial teaser,50,C
"How to Crochet in the Round: Magic Ring, Spirals and Joined Rounds",https://www.crochetexplained.com/crochet-in-the-round/,A,Crochet in the round: see the written tutorial,"A magic ring pulled closed, next to a spiral. US terms. crochet in the round. magic ring, crochet spiral. Open the full tutorial on Crochet Explained.",Crochet in the round,See the tutorial,"Design A, finished product. Large illustration of the magic ring on a warm wood or paper background. One short headline. No fake button, no star ratings, no ""tested pattern"" badge.",Beginner Crochet,,"Illustration of a magic ring, not a yarn-tested sample. Headline: Crochet in the round.",crochet in the round,Start a circle,Year-round,Finished product,45,D
"How to Crochet in the Round: Magic Ring, Spirals and Joined Rounds",https://www.crochetexplained.com/crochet-in-the-round/,B,How to crochet in the round,"Show a circle that has turned into a bowl, which is the mistake the page fixes. The written steps, materials, and the mistakes to watch for are on the page. crochet in the round.",Magic ring help,Get the instructions,"Design B, tutorial teaser. The finished magic ring stays large. Add at most one accurate detail from the article, such as a piece laid flat or a measuring tape. Do not invent row counts on the image.",Beginner Crochet,,Illustration introducing the magic ring tutorial. Headline: Magic ring help.,crochet in the round,Start a circle,Year-round,Tutorial teaser,45,D
Crochet Abbreviations Chart: Every Term Explained (US & UK),https://www.crochetexplained.com/crochet-abbreviations-chart/,A,Crochet abbreviations: see the written tutorial,"A printed abbreviations chart on paper. US terms. crochet abbreviations. US UK crochet terms, crochet chart. Open the full tutorial on Crochet Explained.",Crochet abbreviations,See the tutorial,"Design A, finished product. Large illustration of the abbreviations chart on a warm wood or paper background. One short headline. No fake button, no star ratings, no ""tested pattern"" badge.",Beginner Crochet,,"Illustration of a abbreviations chart, not a yarn-tested sample. Headline: Crochet abbreviations.",crochet abbreviations,Look up a term,Year-round,Finished product,43,D
Crochet Abbreviations Chart: Every Term Explained (US & UK),https://www.crochetexplained.com/crochet-abbreviations-chart/,B,"Crochet abbreviations, US and UK","Show US sc next to the UK name so the mismatch is the reason to click. The written steps, materials, and the mistakes to watch for are on the page. crochet abbreviations.",US and UK chart,Get the instructions,"Design B, tutorial teaser. The finished abbreviations chart stays large. Add at most one accurate detail from the article, such as a piece laid flat or a measuring tape. Do not invent row counts on the image.",Beginner Crochet,,Illustration introducing the abbreviations chart tutorial. Headline: US and UK chart.,crochet abbreviations,Look up a term,Year-round,Tutorial teaser,43,D
Crochet Hook Size Chart: US Letters to Millimeters,https://www.crochetexplained.com/crochet-hook-size-conversion-chart/,A,Hook size chart: see the written tutorial,"A row of hooks with letter and millimeter labels. US terms. crochet hook size chart. US hook to mm, hook conversion. Open the full tutorial on Crochet Explained.",Hook size chart,See the tutorial,"Design A, finished product. Large illustration of the hook chart on a warm wood or paper background. One short headline. No fake button, no star ratings, no ""tested pattern"" badge.",Beginner Crochet,,"Illustration of a hook chart, not a yarn-tested sample. Headline: Hook size chart.",crochet hook size chart,Convert a hook size,Year-round,Finished product,43,D
Crochet Hook Size Chart: US Letters to Millimeters,https://www.crochetexplained.com/crochet-hook-size-conversion-chart/,B,"Crochet hook sizes, US to millimeters","Show one hook labeled with both systems. The written steps, materials, and the mistakes to watch for are on the page. crochet hook size chart.",US to millimeters,Get the instructions,"Design B, tutorial teaser. The finished hook chart stays large. Add at most one accurate detail from the article, such as a piece laid flat or a measuring tape. Do not invent row counts on the image.",Beginner Crochet,,Illustration introducing the hook chart tutorial. Headline: US to millimeters.,crochet hook size chart,Convert a hook size,Year-round,Tutorial teaser,43,D
"Yarn Weight Chart: All 8 Categories, Plainly Explained",https://www.crochetexplained.com/yarn-weight-chart/,A,Yarn weight chart: see the written tutorial,"Eight yarn skeins from lace to jumbo. US terms. yarn weight chart. worsted vs bulky, yarn categories. Open the full tutorial on Crochet Explained.",Yarn weight chart,See the tutorial,"Design A, finished product. Large illustration of the yarn weight chart on a warm wood or paper background. One short headline. No fake button, no star ratings, no ""tested pattern"" badge.",Beginner Crochet,,"Illustration of a yarn weight chart, not a yarn-tested sample. Headline: Yarn weight chart.",yarn weight chart,Identify a yarn weight,Year-round,Finished product,43,D
"Yarn Weight Chart: All 8 Categories, Plainly Explained",https://www.crochetexplained.com/yarn-weight-chart/,B,"Yarn weight chart, all 8 categories","Show a worsted skein beside a bulky skein. The written steps, materials, and the mistakes to watch for are on the page. yarn weight chart.",8 yarn weights,Get the instructions,"Design B, tutorial teaser. The finished yarn weight chart stays large. Add at most one accurate detail from the article, such as a piece laid flat or a measuring tape. Do not invent row counts on the image.",Beginner Crochet,,Illustration introducing the yarn weight chart tutorial. Headline: 8 yarn weights.,yarn weight chart,Identify a yarn weight,Year-round,Tutorial teaser,43,D
"How to Read a Crochet Pattern, Line by Line",https://www.crochetexplained.com/how-to-read-a-crochet-pattern/,A,Read a crochet pattern: see the written tutorial,A printed pattern line with one abbreviation circled. US terms. how to read a crochet pattern. crochet pattern shorthand. Open the full tutorial on Crochet Explained.,Read a crochet pattern,See the tutorial,"Design A, finished product. Large illustration of the pattern reading on a warm wood or paper background. One short headline. No fake button, no star ratings, no ""tested pattern"" badge.",Beginner Crochet,,"Illustration of a pattern reading, not a yarn-tested sample. Headline: Read a crochet pattern.",how to read a crochet pattern,Decode a pattern,Year-round,Finished product,42,D
"How to Read a Crochet Pattern, Line by Line",https://www.crochetexplained.com/how-to-read-a-crochet-pattern/,B,How to read a crochet pattern,"Show the materials line and the first row. The written steps, materials, and the mistakes to watch for are on the page. how to read a crochet pattern.",Pattern shorthand,Get the instructions,"Design B, tutorial teaser. The finished pattern reading stays large. Add at most one accurate detail from the article, such as a piece laid flat or a measuring tape. Do not invent row counts on the image.",Beginner Crochet,,Illustration introducing the pattern reading tutorial. Headline: Pattern shorthand.,how to read a crochet pattern,Decode a pattern,Year-round,Tutorial teaser,42,D
How to Change Yarn Color in Crochet Cleanly,https://www.crochetexplained.com/changing-yarn-color-crochet/,A,Change yarn color: see the written tutorial,"Two colors meeting in one row with no knot. US terms. change yarn color crochet. crochet color change, no knot. Open the full tutorial on Crochet Explained.",Change yarn color,See the tutorial,"Design A, finished product. Large illustration of the color change on a warm wood or paper background. One short headline. No fake button, no star ratings, no ""tested pattern"" badge.",Beginner Crochet,,"Illustration of a color change, not a yarn-tested sample. Headline: Change yarn color.",change yarn color crochet,Change color cleanly,Year-round,Finished product,41,D
How to Change Yarn Color in Crochet Cleanly,https://www.crochetexplained.com/changing-yarn-color-crochet/,B,How to change yarn color in crochet,"Show a wrong-colored turning chain, which is the mistake. The written steps, materials, and the mistakes to watch for are on the page. change yarn color crochet.",Clean color change,Get the instructions,"Design B, tutorial teaser. The finished color change stays large. Add at most one accurate detail from the article, such as a piece laid flat or a measuring tape. Do not invent row counts on the image.",Beginner Crochet,,Illustration introducing the color change tutorial. Headline: Clean color change.,change yarn color crochet,Change color cleanly,Year-round,Tutorial teaser,41,D
Crochet Increases and Decreases: Shaping Explained,https://www.crochetexplained.com/crochet-increase-decrease/,A,Increase and decrease: see the written tutorial,"A swatch that gets wider, then narrower. US terms. crochet increase and decrease. invisible decrease, shaping. Open the full tutorial on Crochet Explained.",Increase and decrease,See the tutorial,"Design A, finished product. Large illustration of the increases and decreases on a warm wood or paper background. One short headline. No fake button, no star ratings, no ""tested pattern"" badge.",Beginner Crochet,,"Illustration of a increases and decreases, not a yarn-tested sample. Headline: Increase and decrease.",crochet increase and decrease,Shape a piece,Year-round,Finished product,41,D
Crochet Increases and Decreases: Shaping Explained,https://www.crochetexplained.com/crochet-increase-decrease/,B,Crochet increases and decreases,"Show an invisible decrease beside a regular one. The written steps, materials, and the mistakes to watch for are on the page. crochet increase and decrease.",Shaping tutorial,Get the instructions,"Design B, tutorial teaser. The finished increases and decreases stays large. Add at most one accurate detail from the article, such as a piece laid flat or a measuring tape. Do not invent row counts on the image.",Beginner Crochet,,Illustration introducing the increases and decreases tutorial. Headline: Shaping tutorial.,crochet increase and decrease,Shape a piece,Year-round,Tutorial teaser,41,D
Crochet Gauge: How to Measure It and Fix It,https://www.crochetexplained.com/crochet-gauge/,A,Crochet gauge: see the written tutorial,"A swatch with a tape measure on it. US terms. crochet gauge. crochet swatch, gauge too small. Open the full tutorial on Crochet Explained.",Crochet gauge,See the tutorial,"Design A, finished product. Large illustration of the gauge on a warm wood or paper background. One short headline. No fake button, no star ratings, no ""tested pattern"" badge.",Beginner Crochet,,"Illustration of a gauge, not a yarn-tested sample. Headline: Crochet gauge.",crochet gauge,Fix a size problem,Year-round,Finished product,40,D
Crochet Gauge: How to Measure It and Fix It,https://www.crochetexplained.com/crochet-gauge/,B,How to measure crochet gauge,"Show two hats, one smaller, as the reason gauge matters. The written steps, materials, and the mistakes to watch for are on the page. crochet gauge.",How to swatch,Get the instructions,"Design B, tutorial teaser. The finished gauge stays large. Add at most one accurate detail from the article, such as a piece laid flat or a measuring tape. Do not invent row counts on the image.",Beginner Crochet,,Illustration introducing the gauge tutorial. Headline: How to swatch.,crochet gauge,Fix a size problem,Year-round,Tutorial teaser,40,D
The Turning Chain: Why Your Edges Slant,https://www.crochetexplained.com/crochet-turning-chain/,A,Turning chain: see the written tutorial,A swatch with one straight edge and one slanted edge. US terms. crochet turning chain. slanted crochet edge. Open the full tutorial on Crochet Explained.,Turning chain,See the tutorial,"Design A, finished product. Large illustration of the turning chain on a warm wood or paper background. One short headline. No fake button, no star ratings, no ""tested pattern"" badge.",Beginner Crochet,,"Illustration of a turning chain, not a yarn-tested sample. Headline: Turning chain.",crochet turning chain,Fix slanted edges,Year-round,Finished product,36,D
The Turning Chain: Why Your Edges Slant,https://www.crochetexplained.com/crochet-turning-chain/,B,Why crochet edges slant,"Circle the turning chain on a slanted edge. The written steps, materials, and the mistakes to watch for are on the page. crochet turning chain.",Why edges slant,Get the instructions,"Design B, tutorial teaser. The finished turning chain stays large. Add at most one accurate detail from the article, such as a piece laid flat or a measuring tape. Do not invent row counts on the image.",Beginner Crochet,,Illustration introducing the turning chain tutorial. Headline: Why edges slant.,crochet turning chain,Fix slanted edges,Year-round,Tutorial teaser,36,D
Finishing Crochet: Weaving In Ends and Blocking,https://www.crochetexplained.com/weaving-in-ends-and-blocking/,A,Weave in ends: see the written tutorial,A yarn needle weaving an end into the back of a swatch. US terms. weaving in ends crochet. blocking crochet. Open the full tutorial on Crochet Explained.,Weave in ends,See the tutorial,"Design A, finished product. Large illustration of the finishing on a warm wood or paper background. One short headline. No fake button, no star ratings, no ""tested pattern"" badge.",Beginner Crochet,,"Illustration of a finishing, not a yarn-tested sample. Headline: Weave in ends.",weaving in ends crochet,Finish a piece,Year-round,Finished product,36,D
Finishing Crochet: Weaving In Ends and Blocking,https://www.crochetexplained.com/weaving-in-ends-and-blocking/,B,Weaving in ends and blocking,"Show a pinned snowflake only as the blocking example. The written steps, materials, and the mistakes to watch for are on the page. weaving in ends crochet.",Blocking basics,Get the instructions,"Design B, tutorial teaser. The finished finishing stays large. Add at most one accurate detail from the article, such as a piece laid flat or a measuring tape. Do not invent row counts on the image.",Beginner Crochet,,Illustration introducing the finishing tutorial. Headline: Blocking basics.,weaving in ends crochet,Finish a piece,Year-round,Tutorial teaser,36,D
Where to Find Free Crochet Patterns,https://www.crochetexplained.com/where-to-find-free-crochet-patterns/,A,Where to find patterns: see the written tutorial,"A notebook and a skein, no fake pattern screenshot. US terms. free crochet patterns. where to find crochet patterns. Open the full tutorial on Crochet Explained.",Where to find patterns,See the tutorial,"Design A, finished product. Large illustration of the pattern sources on a warm wood or paper background. One short headline. No fake button, no star ratings, no ""tested pattern"" badge.",Beginner Crochet,,"Illustration of a pattern sources, not a yarn-tested sample. Headline: Where to find patterns.",free crochet patterns,Find real patterns,Year-round,Finished product,35,D
Where to Find Free Crochet Patterns,https://www.crochetexplained.com/where-to-find-free-crochet-patterns/,B,Where to find free crochet patterns,"The pin should not look like a pattern download. The written steps, materials, and the mistakes to watch for are on the page. free crochet patterns.",Avoid fake patterns,Get the instructions,"Design B, tutorial teaser. The finished pattern sources stays large. Add at most one accurate detail from the article, such as a piece laid flat or a measuring tape. Do not invent row counts on the image.",Beginner Crochet,,Illustration introducing the pattern sources tutorial. Headline: Avoid fake patterns.,free crochet patterns,Find real patterns,Year-round,Tutorial teaser,35,D
