date,article,url,pin_title,design,board,primary_keyword,cta,priority_score,band
2026-10-09,"How to Crochet a Pumpkin, Step by Step",https://www.crochetexplained.com/how-to-crochet-a-pumpkin-step-by-step/,Crochet pumpkin: see the written tutorial,Finished product,Halloween Crochet,crochet pumpkin,See the tutorial,88,A
2026-10-09,How to Crochet a Ghost Candy Bag,https://www.crochetexplained.com/how-to-crochet-a-ghost-candy-bag/,Ghost candy bag: see the written tutorial,Finished product,Halloween Crochet,crochet ghost candy bag,See the tutorial,86,A
2026-10-09,How to Crochet a Pumpkin Treat Bag,https://www.crochetexplained.com/how-to-crochet-a-pumpkin-treat-bag/,Pumpkin treat bag: see the written tutorial,Finished product,Halloween Crochet,crochet pumpkin treat bag,See the tutorial,86,A
2026-10-09,How to Crochet a Chunky Beanie,https://www.crochetexplained.com/how-to-crochet-a-chunky-beanie/,Chunky crochet beanie: see the written tutorial,Finished product,Winter Crochet Projects,chunky crochet beanie,See the tutorial,81,B
2026-10-09,Easy Crochet Scarf for Beginners,https://www.crochetexplained.com/how-to-crochet-a-beginner-scarf/,Easy crochet scarf: see the written tutorial,Finished product,Winter Crochet Projects,easy crochet scarf,See the tutorial,79,B
2026-10-09,15 Easy Crochet Christmas Ornament Ideas,https://www.crochetexplained.com/easy-crochet-christmas-ornaments/,Easy crochet ornaments: see the written tutorial,Finished product,Christmas Crochet,crochet christmas ornaments,See the tutorial,78,B
2026-10-10,Crochet Ghost Amigurumi for Beginners,https://www.crochetexplained.com/crochet-ghost-amigurumi-for-beginners/,Beginner crochet ghost: see the written tutorial,Finished product,Halloween Crochet,crochet ghost,See the tutorial,85,A
2026-10-10,Halloween Crochet Card Wallet with Ghost (Easy Flap + Button),https://www.crochetexplained.com/halloween-crochet-card-wallet/,Halloween card wallet: see the written tutorial,Finished product,Halloween Crochet,halloween crochet card wallet,See the tutorial,81,B
2026-10-10,Halloween Coasters: Pumpkin Circle and Granny Square Set,https://www.crochetexplained.com/free-pattern-halloween-coasters/,Halloween coasters: see the written tutorial,Finished product,Halloween Crochet,halloween crochet coasters,See the tutorial,79,B
2026-10-10,How to Crochet an Ear Warmer,https://www.crochetexplained.com/how-to-crochet-an-ear-warmer/,Crochet ear warmer: see the written tutorial,Finished product,Winter Crochet Projects,crochet ear warmer,See the tutorial,78,B
2026-10-10,How to Crochet a Christmas Gift Card Holder,https://www.crochetexplained.com/how-to-crochet-a-christmas-gift-card-holder/,Gift card holder: see the written tutorial,Finished product,Christmas Crochet,crochet gift card holder,See the tutorial,77,B
2026-10-10,How to Crochet Fingerless Gloves,https://www.crochetexplained.com/how-to-crochet-fingerless-gloves/,Fingerless gloves: see the written tutorial,Finished product,Winter Crochet Projects,crochet fingerless gloves,See the tutorial,77,B
2026-10-11,How to Crochet a Pumpkin Zipper Pouch,https://www.crochetexplained.com/how-to-crochet-a-pumpkin-zipper-pouch/,Pumpkin zipper pouch: see the written tutorial,Finished product,Halloween Crochet,crochet pumpkin pouch,See the tutorial,79,B
2026-10-11,"Bat Amigurumi: Wings, Body and Ears",https://www.crochetexplained.com/bat-amigurumi-wings-body-and-ears/,Crochet bat: see the written tutorial,Finished product,Halloween Crochet,crochet bat,See the tutorial,78,B
2026-10-11,How to Crochet a Ghost Mini Wallet,https://www.crochetexplained.com/ghost-crochet-mini-wallet/,Ghost mini wallet: see the written tutorial,Finished product,Halloween Crochet,crochet ghost wallet,See the tutorial,78,B
2026-10-11,Crochet Santa Amigurumi for Beginners,https://www.crochetexplained.com/crochet-santa-amigurumi-for-beginners/,Beginner crochet Santa: see the written tutorial,Finished product,Christmas Crochet,crochet santa,See the tutorial,76,B
2026-10-11,How to Crochet a Fall Leaf,https://www.crochetexplained.com/how-to-crochet-a-fall-leaf/,Crochet fall leaf: see the written tutorial,Finished product,Home Crochet Projects,crochet fall leaf,See the tutorial,75,B
2026-10-11,How to Crochet a Phone Case for iPhone 18 Pro Max,https://www.crochetexplained.com/how-to-crochet-a-phone-case/,Crochet phone case: see the written tutorial,Finished product,Crochet Bags & Accessories,crochet phone case,See the tutorial,75,B
2026-10-12,How to Crochet a Gothic Bat Earbuds Pouch,https://www.crochetexplained.com/gothic-bat-earbuds-pouch/,Bat earbud pouch: see the written tutorial,Finished product,Halloween Crochet,crochet bat pouch,See the tutorial,78,B
2026-10-12,How to Crochet a Ghost Coin Pouch,https://www.crochetexplained.com/how-to-crochet-a-ghost-coin-pouch/,Ghost coin pouch: see the written tutorial,Finished product,Halloween Crochet,crochet ghost coin pouch,See the tutorial,78,B
2026-10-12,How to Crochet a Spider (and Web),https://www.crochetexplained.com/how-to-crochet-a-spider-and-web/,Crochet spider and web: see the written tutorial,Finished product,Halloween Crochet,crochet spider,See the tutorial,77,B
2026-10-12,"How to Crochet a Christmas Tree, Step by Step",https://www.crochetexplained.com/how-to-crochet-a-christmas-tree/,Crochet Christmas tree: see the written tutorial,Finished product,Christmas Crochet,crochet christmas tree,See the tutorial,74,B
2026-10-12,How to Crochet a Christmas Stocking,https://www.crochetexplained.com/how-to-crochet-a-christmas-stocking/,Crochet Christmas stocking: see the written tutorial,Finished product,Christmas Crochet,crochet christmas stocking,See the tutorial,73,B
2026-10-12,How to Crochet a Wine Bottle Bag,https://www.crochetexplained.com/how-to-crochet-a-wine-bottle-bag/,Wine bottle bag: see the written tutorial,Finished product,Christmas Crochet,crochet wine bottle bag,See the tutorial,73,B
2026-10-13,Halloween Granny Square Variations,https://www.crochetexplained.com/halloween-granny-square-variations/,Halloween granny squares: see the written tutorial,Finished product,Halloween Crochet,halloween granny square,See the tutorial,76,B
2026-10-13,Crochet Christmas Gift Ideas,https://www.crochetexplained.com/crochet-christmas-gift-ideas/,Christmas crochet gifts: see the written tutorial,Finished product,Christmas Crochet,crochet christmas gift ideas,See the tutorial,72,B
2026-10-13,How to Crochet a Hooded Scarf,https://www.crochetexplained.com/how-to-crochet-a-hooded-scarf/,Hooded scarf: see the written tutorial,Finished product,Winter Crochet Projects,crochet hooded scarf,See the tutorial,72,B
2026-10-13,How to Crochet a Lace Bandana,https://www.crochetexplained.com/how-to-crochet-a-lace-bandana/,Crochet lace bandana: see the written tutorial,Finished product,Crochet Bags & Accessories,crochet bandana,See the tutorial,72,B
2026-10-13,Crochet Mug Cozy for Beginners (Button Closure),https://www.crochetexplained.com/crochet-mug-cozy-for-beginners/,Crochet mug cozy: see the written tutorial,Finished product,Practical Crochet Patterns,crochet mug cozy,See the tutorial,70,B
2026-10-13,"How to Crochet a Gnome, Step by Step",https://www.crochetexplained.com/how-to-crochet-a-gnome/,Crochet gnome: see the written tutorial,Finished product,Christmas Crochet,crochet gnome,See the tutorial,69,C
2026-10-14,How to Crochet a Snowflake (and Make It Stay Flat),https://www.crochetexplained.com/how-to-crochet-a-snowflake/,Crochet snowflake: see the written tutorial,Finished product,Christmas Crochet,crochet snowflake,See the tutorial,69,C
2026-10-14,Christmas Granny Square Variations,https://www.crochetexplained.com/christmas-granny-square-variations/,Christmas granny squares: see the written tutorial,Finished product,Christmas Crochet,christmas granny square,See the tutorial,67,C
2026-10-14,How to Crochet a Baby Blanket,https://www.crochetexplained.com/how-to-crochet-a-baby-blanket/,Crochet baby blanket: see the written tutorial,Finished product,Small Crochet Gifts,crochet baby blanket,See the tutorial,66,C
2026-10-14,How to Crochet a Phone Crossbody,https://www.crochetexplained.com/how-to-crochet-a-phone-crossbody/,Phone crossbody: see the written tutorial,Finished product,Crochet Bags & Accessories,crochet phone crossbody,See the tutorial,66,C
2026-10-14,How to Crochet a Christmas Tree Skirt,https://www.crochetexplained.com/how-to-crochet-a-christmas-tree-skirt/,Crochet tree skirt: see the written tutorial,Finished product,Christmas Crochet,crochet tree skirt,See the tutorial,65,C
2026-10-14,How to Crochet a Tumbler Sleeve,https://www.crochetexplained.com/how-to-crochet-a-tumbler-sleeve/,Tumbler sleeve: see the written tutorial,Finished product,Practical Crochet Patterns,crochet tumbler sleeve,See the tutorial,64,C
2026-10-15,"How to Crochet a Pumpkin, Step by Step",https://www.crochetexplained.com/how-to-crochet-a-pumpkin-step-by-step/,How to crochet a stuffed pumpkin,Tutorial teaser,Halloween Crochet,crochet pumpkin,Get the instructions,88,A
2026-10-15,How to Crochet a Ghost Candy Bag,https://www.crochetexplained.com/how-to-crochet-a-ghost-candy-bag/,How to crochet a ghost candy bag,Tutorial teaser,Halloween Crochet,crochet ghost candy bag,Get the instructions,86,A
2026-10-15,How to Crochet a Pumpkin Treat Bag,https://www.crochetexplained.com/how-to-crochet-a-pumpkin-treat-bag/,How to crochet a pumpkin treat bag,Tutorial teaser,Halloween Crochet,crochet pumpkin treat bag,Get the instructions,86,A
2026-10-15,How to Crochet a Chunky Beanie,https://www.crochetexplained.com/how-to-crochet-a-chunky-beanie/,How to crochet a chunky beanie,Tutorial teaser,Winter Crochet Projects,chunky crochet beanie,Get the instructions,81,B
2026-10-15,Easy Crochet Scarf for Beginners,https://www.crochetexplained.com/how-to-crochet-a-beginner-scarf/,How to crochet an easy scarf,Tutorial teaser,Winter Crochet Projects,easy crochet scarf,Get the instructions,79,B
2026-10-15,15 Easy Crochet Christmas Ornament Ideas,https://www.crochetexplained.com/easy-crochet-christmas-ornaments/,Easy crochet Christmas ornaments,Tutorial teaser,Christmas Crochet,crochet christmas ornaments,Get the instructions,78,B
2026-10-16,Crochet Ghost Amigurumi for Beginners,https://www.crochetexplained.com/crochet-ghost-amigurumi-for-beginners/,How to crochet a beginner ghost,Tutorial teaser,Halloween Crochet,crochet ghost,Get the instructions,85,A
2026-10-16,Halloween Crochet Card Wallet with Ghost (Easy Flap + Button),https://www.crochetexplained.com/halloween-crochet-card-wallet/,How to crochet a ghost card wallet,Tutorial teaser,Halloween Crochet,halloween crochet card wallet,Get the instructions,81,B
2026-10-16,Halloween Coasters: Pumpkin Circle and Granny Square Set,https://www.crochetexplained.com/free-pattern-halloween-coasters/,Halloween crochet coasters,Tutorial teaser,Halloween Crochet,halloween crochet coasters,Get the instructions,79,B
2026-10-16,How to Crochet an Ear Warmer,https://www.crochetexplained.com/how-to-crochet-an-ear-warmer/,How to crochet an ear warmer,Tutorial teaser,Winter Crochet Projects,crochet ear warmer,Get the instructions,78,B
2026-10-16,How to Crochet a Christmas Gift Card Holder,https://www.crochetexplained.com/how-to-crochet-a-christmas-gift-card-holder/,How to crochet a gift card holder,Tutorial teaser,Christmas Crochet,crochet gift card holder,Get the instructions,77,B
2026-10-16,How to Crochet Fingerless Gloves,https://www.crochetexplained.com/how-to-crochet-fingerless-gloves/,How to crochet fingerless gloves,Tutorial teaser,Winter Crochet Projects,crochet fingerless gloves,Get the instructions,77,B
2026-10-17,How to Crochet a Pumpkin Zipper Pouch,https://www.crochetexplained.com/how-to-crochet-a-pumpkin-zipper-pouch/,How to crochet a pumpkin zipper pouch,Tutorial teaser,Halloween Crochet,crochet pumpkin pouch,Get the instructions,79,B
2026-10-17,"Bat Amigurumi: Wings, Body and Ears",https://www.crochetexplained.com/bat-amigurumi-wings-body-and-ears/,How to crochet a small bat,Tutorial teaser,Halloween Crochet,crochet bat,Get the instructions,78,B
2026-10-17,How to Crochet a Ghost Mini Wallet,https://www.crochetexplained.com/ghost-crochet-mini-wallet/,How to crochet a ghost mini wallet,Tutorial teaser,Halloween Crochet,crochet ghost wallet,Get the instructions,78,B
2026-10-17,Crochet Santa Amigurumi for Beginners,https://www.crochetexplained.com/crochet-santa-amigurumi-for-beginners/,How to crochet a santa amigurumi,Tutorial teaser,Christmas Crochet,crochet santa,Get the instructions,76,B
2026-10-17,How to Crochet a Fall Leaf,https://www.crochetexplained.com/how-to-crochet-a-fall-leaf/,How to crochet a fall leaf,Tutorial teaser,Home Crochet Projects,crochet fall leaf,Get the instructions,75,B
2026-10-17,How to Crochet a Phone Case for iPhone 18 Pro Max,https://www.crochetexplained.com/how-to-crochet-a-phone-case/,How to crochet a phone case,Tutorial teaser,Crochet Bags & Accessories,crochet phone case,Get the instructions,75,B
2026-10-18,How to Crochet a Gothic Bat Earbuds Pouch,https://www.crochetexplained.com/gothic-bat-earbuds-pouch/,How to crochet a bat earbud pouch,Tutorial teaser,Halloween Crochet,crochet bat pouch,Get the instructions,78,B
2026-10-18,How to Crochet a Ghost Coin Pouch,https://www.crochetexplained.com/how-to-crochet-a-ghost-coin-pouch/,How to crochet a ghost coin pouch,Tutorial teaser,Halloween Crochet,crochet ghost coin pouch,Get the instructions,78,B
2026-10-18,How to Crochet a Spider (and Web),https://www.crochetexplained.com/how-to-crochet-a-spider-and-web/,How to crochet a spider and web,Tutorial teaser,Halloween Crochet,crochet spider,Get the instructions,77,B
2026-10-18,"How to Crochet a Christmas Tree, Step by Step",https://www.crochetexplained.com/how-to-crochet-a-christmas-tree/,How to crochet a christmas tree,Tutorial teaser,Christmas Crochet,crochet christmas tree,Get the instructions,74,B
2026-10-18,How to Crochet a Christmas Stocking,https://www.crochetexplained.com/how-to-crochet-a-christmas-stocking/,How to crochet a christmas stocking,Tutorial teaser,Christmas Crochet,crochet christmas stocking,Get the instructions,73,B
2026-10-18,How to Crochet a Wine Bottle Bag,https://www.crochetexplained.com/how-to-crochet-a-wine-bottle-bag/,How to crochet a wine bottle bag,Tutorial teaser,Christmas Crochet,crochet wine bottle bag,Get the instructions,73,B
2026-10-19,Halloween Granny Square Variations,https://www.crochetexplained.com/halloween-granny-square-variations/,Halloween granny square ideas,Tutorial teaser,Halloween Crochet,halloween granny square,Get the instructions,76,B
2026-10-19,Crochet Christmas Gift Ideas,https://www.crochetexplained.com/crochet-christmas-gift-ideas/,Crochet Christmas gift ideas,Tutorial teaser,Christmas Crochet,crochet christmas gift ideas,Get the instructions,72,B
2026-10-19,How to Crochet a Hooded Scarf,https://www.crochetexplained.com/how-to-crochet-a-hooded-scarf/,How to crochet a hooded scarf,Tutorial teaser,Winter Crochet Projects,crochet hooded scarf,Get the instructions,72,B
2026-10-19,How to Crochet a Lace Bandana,https://www.crochetexplained.com/how-to-crochet-a-lace-bandana/,How to crochet a lace bandana,Tutorial teaser,Crochet Bags & Accessories,crochet bandana,Get the instructions,72,B
2026-10-19,Crochet Mug Cozy for Beginners (Button Closure),https://www.crochetexplained.com/crochet-mug-cozy-for-beginners/,How to crochet a mug cozy,Tutorial teaser,Practical Crochet Patterns,crochet mug cozy,Get the instructions,70,B
2026-10-19,How to Crochet Slippers,https://www.crochetexplained.com/how-to-crochet-slippers/,Crochet slippers: see the written tutorial,Finished product,Winter Crochet Projects,crochet slippers,See the tutorial,64,C
2026-10-20,How to Crochet a Market Bag,https://www.crochetexplained.com/how-to-crochet-a-market-bag/,Crochet market bag: see the written tutorial,Finished product,Crochet Bags & Accessories,crochet market bag,See the tutorial,63,C
2026-10-20,How to Crochet a Granny Square Tote,https://www.crochetexplained.com/how-to-crochet-a-granny-square-tote/,Granny square tote: see the written tutorial,Finished product,Crochet Bags & Accessories,granny square tote,See the tutorial,62,C
2026-10-20,"How to Crochet a Scrunchie (Beginner, One Evening)",https://www.crochetexplained.com/how-to-crochet-a-scrunchie/,Crochet scrunchie: see the written tutorial,Finished product,Small Crochet Gifts,crochet scrunchie,See the tutorial,62,C
2026-10-20,How to Crochet a Mini Shoulder Bag,https://www.crochetexplained.com/how-to-crochet-a-mini-shoulder-bag/,Mini shoulder bag: see the written tutorial,Finished product,Crochet Bags & Accessories,crochet mini shoulder bag,See the tutorial,61,C
2026-10-20,12 Crochet Bag Charm Ideas from Scrap Yarn,https://www.crochetexplained.com/crochet-bag-charm-ideas/,Crochet bag charms: see the written tutorial,Finished product,Small Crochet Gifts,crochet bag charm,See the tutorial,60,C
2026-10-20,How to Crochet a Simple Flower (Beginner Appliqué),https://www.crochetexplained.com/how-to-crochet-a-simple-flower/,Simple crochet flower: see the written tutorial,Finished product,Beginner Crochet,crochet flower,See the tutorial,60,C
2026-10-21,How to Crochet a Makeup Pouch,https://www.crochetexplained.com/how-to-crochet-a-makeup-pouch/,Makeup pouch: see the written tutorial,Finished product,Crochet Bags & Accessories,crochet makeup pouch,See the tutorial,60,C
2026-10-21,How to Crochet a Book Sleeve,https://www.crochetexplained.com/how-to-crochet-a-book-sleeve/,Crochet book sleeve: see the written tutorial,Finished product,Practical Crochet Patterns,crochet book sleeve,See the tutorial,59,C
2026-10-21,How to Crochet a Bowl Cozy,https://www.crochetexplained.com/how-to-crochet-a-bowl-cozy/,Cotton bowl cozy: see the written tutorial,Finished product,Home Crochet Projects,crochet bowl cozy,See the tutorial,58,C
2026-10-21,"Yarn for Christmas Crochet: Sparkle, Thread and What Actually Works",https://www.crochetexplained.com/yarn-for-christmas-crochet/,Christmas crochet yarn: see the written tutorial,Finished product,Christmas Crochet,yarn for christmas crochet,See the tutorial,58,C
2026-10-21,How to Crochet a Laptop Sleeve,https://www.crochetexplained.com/how-to-crochet-a-laptop-sleeve/,Laptop sleeve: see the written tutorial,Finished product,Practical Crochet Patterns,crochet laptop sleeve,See the tutorial,57,C
2026-10-21,How to Crochet an Earbud Pouch,https://www.crochetexplained.com/how-to-crochet-an-earbud-pouch/,Earbud pouch: see the written tutorial,Finished product,Small Crochet Gifts,crochet earbud pouch,See the tutorial,56,C
2026-10-22,How to Crochet a Lip Balm Holder,https://www.crochetexplained.com/how-to-crochet-a-lip-balm-holder/,Lip balm holder: see the written tutorial,Finished product,Small Crochet Gifts,crochet lip balm holder,See the tutorial,55,C
2026-10-22,"The 5 Basic Crochet Stitches, in the Order to Learn Them",https://www.crochetexplained.com/basic-crochet-stitches/,5 basic crochet stitches: see the written tutorial,Finished product,Beginner Crochet,basic crochet stitches,See the tutorial,52,C
2026-10-22,How to Crochet a Cable Organizer,https://www.crochetexplained.com/how-to-crochet-a-cable-organizer/,Cable organizer: see the written tutorial,Finished product,Practical Crochet Patterns,crochet cable organizer,See the tutorial,52,C
2026-10-22,"What You Need to Start Crocheting: One Hook, One Yarn",https://www.crochetexplained.com/what-you-need-to-start-crocheting/,Start crocheting: see the written tutorial,Finished product,Beginner Crochet,what you need to start crocheting,See the tutorial,51,C
2026-10-22,Left-Handed Crochet: How to Follow Any Pattern,https://www.crochetexplained.com/left-handed-crochet/,Left-handed crochet: see the written tutorial,Finished product,Beginner Crochet,left handed crochet,See the tutorial,50,C
2026-10-22,"How to Crochet a Gnome, Step by Step",https://www.crochetexplained.com/how-to-crochet-a-gnome/,How to crochet a gnome,Tutorial teaser,Christmas Crochet,crochet gnome,Get the instructions,69,C
2026-10-23,How to Crochet a Snowflake (and Make It Stay Flat),https://www.crochetexplained.com/how-to-crochet-a-snowflake/,How to crochet a snowflake,Tutorial teaser,Christmas Crochet,crochet snowflake,Get the instructions,69,C
2026-10-23,Christmas Granny Square Variations,https://www.crochetexplained.com/christmas-granny-square-variations/,Christmas granny square colors,Tutorial teaser,Christmas Crochet,christmas granny square,Get the instructions,67,C
2026-10-23,How to Crochet a Baby Blanket,https://www.crochetexplained.com/how-to-crochet-a-baby-blanket/,How to crochet a baby blanket,Tutorial teaser,Small Crochet Gifts,crochet baby blanket,Get the instructions,66,C
2026-10-23,How to Crochet a Phone Crossbody,https://www.crochetexplained.com/how-to-crochet-a-phone-crossbody/,How to crochet a phone crossbody,Tutorial teaser,Crochet Bags & Accessories,crochet phone crossbody,Get the instructions,66,C
2026-10-23,How to Crochet a Christmas Tree Skirt,https://www.crochetexplained.com/how-to-crochet-a-christmas-tree-skirt/,How to crochet a tree skirt,Tutorial teaser,Christmas Crochet,crochet tree skirt,Get the instructions,65,C
2026-10-23,How to Crochet a Tumbler Sleeve,https://www.crochetexplained.com/how-to-crochet-a-tumbler-sleeve/,How to crochet a tumbler sleeve,Tutorial teaser,Practical Crochet Patterns,crochet tumbler sleeve,Get the instructions,64,C
2026-10-25,How to Crochet Slippers,https://www.crochetexplained.com/how-to-crochet-slippers/,How to crochet slippers,Tutorial teaser,Winter Crochet Projects,crochet slippers,Get the instructions,64,C
2026-10-26,How to Crochet a Market Bag,https://www.crochetexplained.com/how-to-crochet-a-market-bag/,How to crochet a market bag,Tutorial teaser,Crochet Bags & Accessories,crochet market bag,Get the instructions,63,C
2026-10-26,How to Crochet a Granny Square Tote,https://www.crochetexplained.com/how-to-crochet-a-granny-square-tote/,How to crochet a granny square tote,Tutorial teaser,Crochet Bags & Accessories,granny square tote,Get the instructions,62,C
2026-10-26,"How to Crochet a Scrunchie (Beginner, One Evening)",https://www.crochetexplained.com/how-to-crochet-a-scrunchie/,How to crochet a scrunchie,Tutorial teaser,Small Crochet Gifts,crochet scrunchie,Get the instructions,62,C
2026-10-26,How to Crochet a Mini Shoulder Bag,https://www.crochetexplained.com/how-to-crochet-a-mini-shoulder-bag/,How to crochet a mini shoulder bag,Tutorial teaser,Crochet Bags & Accessories,crochet mini shoulder bag,Get the instructions,61,C
2026-10-26,12 Crochet Bag Charm Ideas from Scrap Yarn,https://www.crochetexplained.com/crochet-bag-charm-ideas/,Crochet bag charm ideas,Tutorial teaser,Small Crochet Gifts,crochet bag charm,Get the instructions,60,C
2026-10-26,How to Crochet a Simple Flower (Beginner Appliqué),https://www.crochetexplained.com/how-to-crochet-a-simple-flower/,How to crochet a simple flower,Tutorial teaser,Beginner Crochet,crochet flower,Get the instructions,60,C
2026-10-27,How to Crochet a Makeup Pouch,https://www.crochetexplained.com/how-to-crochet-a-makeup-pouch/,How to crochet a makeup pouch,Tutorial teaser,Crochet Bags & Accessories,crochet makeup pouch,Get the instructions,60,C
2026-10-27,How to Crochet a Book Sleeve,https://www.crochetexplained.com/how-to-crochet-a-book-sleeve/,How to crochet a book sleeve,Tutorial teaser,Practical Crochet Patterns,crochet book sleeve,Get the instructions,59,C
2026-10-27,How to Crochet a Bowl Cozy,https://www.crochetexplained.com/how-to-crochet-a-bowl-cozy/,How to crochet a bowl cozy,Tutorial teaser,Home Crochet Projects,crochet bowl cozy,Get the instructions,58,C
2026-10-27,"Yarn for Christmas Crochet: Sparkle, Thread and What Actually Works",https://www.crochetexplained.com/yarn-for-christmas-crochet/,Yarn for Christmas crochet,Tutorial teaser,Christmas Crochet,yarn for christmas crochet,Get the instructions,58,C
2026-10-27,How to Crochet a Laptop Sleeve,https://www.crochetexplained.com/how-to-crochet-a-laptop-sleeve/,How to crochet a laptop sleeve,Tutorial teaser,Practical Crochet Patterns,crochet laptop sleeve,Get the instructions,57,C
2026-10-27,How to Crochet an Earbud Pouch,https://www.crochetexplained.com/how-to-crochet-an-earbud-pouch/,How to crochet an earbud pouch,Tutorial teaser,Small Crochet Gifts,crochet earbud pouch,Get the instructions,56,C
2026-10-28,How to Crochet a Lip Balm Holder,https://www.crochetexplained.com/how-to-crochet-a-lip-balm-holder/,How to crochet a lip balm holder,Tutorial teaser,Small Crochet Gifts,crochet lip balm holder,Get the instructions,55,C
2026-10-28,"The 5 Basic Crochet Stitches, in the Order to Learn Them",https://www.crochetexplained.com/basic-crochet-stitches/,The 5 basic crochet stitches,Tutorial teaser,Beginner Crochet,basic crochet stitches,Get the instructions,52,C
2026-10-28,How to Crochet a Cable Organizer,https://www.crochetexplained.com/how-to-crochet-a-cable-organizer/,How to crochet a cable organizer,Tutorial teaser,Practical Crochet Patterns,crochet cable organizer,Get the instructions,52,C
2026-10-28,"What You Need to Start Crocheting: One Hook, One Yarn",https://www.crochetexplained.com/what-you-need-to-start-crocheting/,What you need to start crocheting,Tutorial teaser,Beginner Crochet,what you need to start crocheting,Get the instructions,51,C
2026-10-28,Left-Handed Crochet: How to Follow Any Pattern,https://www.crochetexplained.com/left-handed-crochet/,"Left-handed crochet, explained",Tutorial teaser,Beginner Crochet,left handed crochet,Get the instructions,50,C
