pin_title,pin_url,destination_url,publication_date,impressions,pin_clicks,outbound_clicks,saves,outbound_ctr_percent,us_website_sessions,review_7_day,review_14_day,review_30_day,notes
Crochet pumpkin: see the written tutorial,,https://www.crochetexplained.com/how-to-crochet-a-pumpkin-step-by-step/,2026-10-09,,,,,,,,,,Leave CTR blank when impressions are 0.
Ghost candy bag: see the written tutorial,,https://www.crochetexplained.com/how-to-crochet-a-ghost-candy-bag/,2026-10-09,,,,,,,,,,Leave CTR blank when impressions are 0.
Pumpkin treat bag: see the written tutorial,,https://www.crochetexplained.com/how-to-crochet-a-pumpkin-treat-bag/,2026-10-09,,,,,,,,,,Leave CTR blank when impressions are 0.
Chunky crochet beanie: see the written tutorial,,https://www.crochetexplained.com/how-to-crochet-a-chunky-beanie/,2026-10-09,,,,,,,,,,Leave CTR blank when impressions are 0.
Easy crochet scarf: see the written tutorial,,https://www.crochetexplained.com/how-to-crochet-a-beginner-scarf/,2026-10-09,,,,,,,,,,Leave CTR blank when impressions are 0.
Easy crochet ornaments: see the written tutorial,,https://www.crochetexplained.com/easy-crochet-christmas-ornaments/,2026-10-09,,,,,,,,,,Leave CTR blank when impressions are 0.
Beginner crochet ghost: see the written tutorial,,https://www.crochetexplained.com/crochet-ghost-amigurumi-for-beginners/,2026-10-10,,,,,,,,,,Leave CTR blank when impressions are 0.
Halloween card wallet: see the written tutorial,,https://www.crochetexplained.com/halloween-crochet-card-wallet/,2026-10-10,,,,,,,,,,Leave CTR blank when impressions are 0.
Halloween coasters: see the written tutorial,,https://www.crochetexplained.com/free-pattern-halloween-coasters/,2026-10-10,,,,,,,,,,Leave CTR blank when impressions are 0.
Crochet ear warmer: see the written tutorial,,https://www.crochetexplained.com/how-to-crochet-an-ear-warmer/,2026-10-10,,,,,,,,,,Leave CTR blank when impressions are 0.
Gift card holder: see the written tutorial,,https://www.crochetexplained.com/how-to-crochet-a-christmas-gift-card-holder/,2026-10-10,,,,,,,,,,Leave CTR blank when impressions are 0.
Fingerless gloves: see the written tutorial,,https://www.crochetexplained.com/how-to-crochet-fingerless-gloves/,2026-10-10,,,,,,,,,,Leave CTR blank when impressions are 0.
Pumpkin zipper pouch: see the written tutorial,,https://www.crochetexplained.com/how-to-crochet-a-pumpkin-zipper-pouch/,2026-10-11,,,,,,,,,,Leave CTR blank when impressions are 0.
Crochet bat: see the written tutorial,,https://www.crochetexplained.com/bat-amigurumi-wings-body-and-ears/,2026-10-11,,,,,,,,,,Leave CTR blank when impressions are 0.
Ghost mini wallet: see the written tutorial,,https://www.crochetexplained.com/ghost-crochet-mini-wallet/,2026-10-11,,,,,,,,,,Leave CTR blank when impressions are 0.
Beginner crochet Santa: see the written tutorial,,https://www.crochetexplained.com/crochet-santa-amigurumi-for-beginners/,2026-10-11,,,,,,,,,,Leave CTR blank when impressions are 0.
Crochet fall leaf: see the written tutorial,,https://www.crochetexplained.com/how-to-crochet-a-fall-leaf/,2026-10-11,,,,,,,,,,Leave CTR blank when impressions are 0.
Crochet phone case: see the written tutorial,,https://www.crochetexplained.com/how-to-crochet-a-phone-case/,2026-10-11,,,,,,,,,,Leave CTR blank when impressions are 0.
Bat earbud pouch: see the written tutorial,,https://www.crochetexplained.com/gothic-bat-earbuds-pouch/,2026-10-12,,,,,,,,,,Leave CTR blank when impressions are 0.
Ghost coin pouch: see the written tutorial,,https://www.crochetexplained.com/how-to-crochet-a-ghost-coin-pouch/,2026-10-12,,,,,,,,,,Leave CTR blank when impressions are 0.
Crochet spider and web: see the written tutorial,,https://www.crochetexplained.com/how-to-crochet-a-spider-and-web/,2026-10-12,,,,,,,,,,Leave CTR blank when impressions are 0.
Crochet Christmas tree: see the written tutorial,,https://www.crochetexplained.com/how-to-crochet-a-christmas-tree/,2026-10-12,,,,,,,,,,Leave CTR blank when impressions are 0.
Crochet Christmas stocking: see the written tutorial,,https://www.crochetexplained.com/how-to-crochet-a-christmas-stocking/,2026-10-12,,,,,,,,,,Leave CTR blank when impressions are 0.
Wine bottle bag: see the written tutorial,,https://www.crochetexplained.com/how-to-crochet-a-wine-bottle-bag/,2026-10-12,,,,,,,,,,Leave CTR blank when impressions are 0.
Halloween granny squares: see the written tutorial,,https://www.crochetexplained.com/halloween-granny-square-variations/,2026-10-13,,,,,,,,,,Leave CTR blank when impressions are 0.
Christmas crochet gifts: see the written tutorial,,https://www.crochetexplained.com/crochet-christmas-gift-ideas/,2026-10-13,,,,,,,,,,Leave CTR blank when impressions are 0.
Hooded scarf: see the written tutorial,,https://www.crochetexplained.com/how-to-crochet-a-hooded-scarf/,2026-10-13,,,,,,,,,,Leave CTR blank when impressions are 0.
Crochet lace bandana: see the written tutorial,,https://www.crochetexplained.com/how-to-crochet-a-lace-bandana/,2026-10-13,,,,,,,,,,Leave CTR blank when impressions are 0.
Crochet mug cozy: see the written tutorial,,https://www.crochetexplained.com/crochet-mug-cozy-for-beginners/,2026-10-13,,,,,,,,,,Leave CTR blank when impressions are 0.
Crochet gnome: see the written tutorial,,https://www.crochetexplained.com/how-to-crochet-a-gnome/,2026-10-13,,,,,,,,,,Leave CTR blank when impressions are 0.
Crochet snowflake: see the written tutorial,,https://www.crochetexplained.com/how-to-crochet-a-snowflake/,2026-10-14,,,,,,,,,,Leave CTR blank when impressions are 0.
Christmas granny squares: see the written tutorial,,https://www.crochetexplained.com/christmas-granny-square-variations/,2026-10-14,,,,,,,,,,Leave CTR blank when impressions are 0.
Crochet baby blanket: see the written tutorial,,https://www.crochetexplained.com/how-to-crochet-a-baby-blanket/,2026-10-14,,,,,,,,,,Leave CTR blank when impressions are 0.
Phone crossbody: see the written tutorial,,https://www.crochetexplained.com/how-to-crochet-a-phone-crossbody/,2026-10-14,,,,,,,,,,Leave CTR blank when impressions are 0.
Crochet tree skirt: see the written tutorial,,https://www.crochetexplained.com/how-to-crochet-a-christmas-tree-skirt/,2026-10-14,,,,,,,,,,Leave CTR blank when impressions are 0.
Tumbler sleeve: see the written tutorial,,https://www.crochetexplained.com/how-to-crochet-a-tumbler-sleeve/,2026-10-14,,,,,,,,,,Leave CTR blank when impressions are 0.
How to crochet a stuffed pumpkin,,https://www.crochetexplained.com/how-to-crochet-a-pumpkin-step-by-step/,2026-10-15,,,,,,,,,,Leave CTR blank when impressions are 0.
How to crochet a ghost candy bag,,https://www.crochetexplained.com/how-to-crochet-a-ghost-candy-bag/,2026-10-15,,,,,,,,,,Leave CTR blank when impressions are 0.
How to crochet a pumpkin treat bag,,https://www.crochetexplained.com/how-to-crochet-a-pumpkin-treat-bag/,2026-10-15,,,,,,,,,,Leave CTR blank when impressions are 0.
How to crochet a chunky beanie,,https://www.crochetexplained.com/how-to-crochet-a-chunky-beanie/,2026-10-15,,,,,,,,,,Leave CTR blank when impressions are 0.
How to crochet an easy scarf,,https://www.crochetexplained.com/how-to-crochet-a-beginner-scarf/,2026-10-15,,,,,,,,,,Leave CTR blank when impressions are 0.
Easy crochet Christmas ornaments,,https://www.crochetexplained.com/easy-crochet-christmas-ornaments/,2026-10-15,,,,,,,,,,Leave CTR blank when impressions are 0.
How to crochet a beginner ghost,,https://www.crochetexplained.com/crochet-ghost-amigurumi-for-beginners/,2026-10-16,,,,,,,,,,Leave CTR blank when impressions are 0.
How to crochet a ghost card wallet,,https://www.crochetexplained.com/halloween-crochet-card-wallet/,2026-10-16,,,,,,,,,,Leave CTR blank when impressions are 0.
Halloween crochet coasters,,https://www.crochetexplained.com/free-pattern-halloween-coasters/,2026-10-16,,,,,,,,,,Leave CTR blank when impressions are 0.
How to crochet an ear warmer,,https://www.crochetexplained.com/how-to-crochet-an-ear-warmer/,2026-10-16,,,,,,,,,,Leave CTR blank when impressions are 0.
How to crochet a gift card holder,,https://www.crochetexplained.com/how-to-crochet-a-christmas-gift-card-holder/,2026-10-16,,,,,,,,,,Leave CTR blank when impressions are 0.
How to crochet fingerless gloves,,https://www.crochetexplained.com/how-to-crochet-fingerless-gloves/,2026-10-16,,,,,,,,,,Leave CTR blank when impressions are 0.
How to crochet a pumpkin zipper pouch,,https://www.crochetexplained.com/how-to-crochet-a-pumpkin-zipper-pouch/,2026-10-17,,,,,,,,,,Leave CTR blank when impressions are 0.
How to crochet a small bat,,https://www.crochetexplained.com/bat-amigurumi-wings-body-and-ears/,2026-10-17,,,,,,,,,,Leave CTR blank when impressions are 0.
How to crochet a ghost mini wallet,,https://www.crochetexplained.com/ghost-crochet-mini-wallet/,2026-10-17,,,,,,,,,,Leave CTR blank when impressions are 0.
How to crochet a santa amigurumi,,https://www.crochetexplained.com/crochet-santa-amigurumi-for-beginners/,2026-10-17,,,,,,,,,,Leave CTR blank when impressions are 0.
How to crochet a fall leaf,,https://www.crochetexplained.com/how-to-crochet-a-fall-leaf/,2026-10-17,,,,,,,,,,Leave CTR blank when impressions are 0.
How to crochet a phone case,,https://www.crochetexplained.com/how-to-crochet-a-phone-case/,2026-10-17,,,,,,,,,,Leave CTR blank when impressions are 0.
How to crochet a bat earbud pouch,,https://www.crochetexplained.com/gothic-bat-earbuds-pouch/,2026-10-18,,,,,,,,,,Leave CTR blank when impressions are 0.
How to crochet a ghost coin pouch,,https://www.crochetexplained.com/how-to-crochet-a-ghost-coin-pouch/,2026-10-18,,,,,,,,,,Leave CTR blank when impressions are 0.
How to crochet a spider and web,,https://www.crochetexplained.com/how-to-crochet-a-spider-and-web/,2026-10-18,,,,,,,,,,Leave CTR blank when impressions are 0.
How to crochet a christmas tree,,https://www.crochetexplained.com/how-to-crochet-a-christmas-tree/,2026-10-18,,,,,,,,,,Leave CTR blank when impressions are 0.
How to crochet a christmas stocking,,https://www.crochetexplained.com/how-to-crochet-a-christmas-stocking/,2026-10-18,,,,,,,,,,Leave CTR blank when impressions are 0.
How to crochet a wine bottle bag,,https://www.crochetexplained.com/how-to-crochet-a-wine-bottle-bag/,2026-10-18,,,,,,,,,,Leave CTR blank when impressions are 0.
Halloween granny square ideas,,https://www.crochetexplained.com/halloween-granny-square-variations/,2026-10-19,,,,,,,,,,Leave CTR blank when impressions are 0.
Crochet Christmas gift ideas,,https://www.crochetexplained.com/crochet-christmas-gift-ideas/,2026-10-19,,,,,,,,,,Leave CTR blank when impressions are 0.
How to crochet a hooded scarf,,https://www.crochetexplained.com/how-to-crochet-a-hooded-scarf/,2026-10-19,,,,,,,,,,Leave CTR blank when impressions are 0.
How to crochet a lace bandana,,https://www.crochetexplained.com/how-to-crochet-a-lace-bandana/,2026-10-19,,,,,,,,,,Leave CTR blank when impressions are 0.
How to crochet a mug cozy,,https://www.crochetexplained.com/crochet-mug-cozy-for-beginners/,2026-10-19,,,,,,,,,,Leave CTR blank when impressions are 0.
Crochet slippers: see the written tutorial,,https://www.crochetexplained.com/how-to-crochet-slippers/,2026-10-19,,,,,,,,,,Leave CTR blank when impressions are 0.
Crochet market bag: see the written tutorial,,https://www.crochetexplained.com/how-to-crochet-a-market-bag/,2026-10-20,,,,,,,,,,Leave CTR blank when impressions are 0.
Granny square tote: see the written tutorial,,https://www.crochetexplained.com/how-to-crochet-a-granny-square-tote/,2026-10-20,,,,,,,,,,Leave CTR blank when impressions are 0.
Crochet scrunchie: see the written tutorial,,https://www.crochetexplained.com/how-to-crochet-a-scrunchie/,2026-10-20,,,,,,,,,,Leave CTR blank when impressions are 0.
Mini shoulder bag: see the written tutorial,,https://www.crochetexplained.com/how-to-crochet-a-mini-shoulder-bag/,2026-10-20,,,,,,,,,,Leave CTR blank when impressions are 0.
Crochet bag charms: see the written tutorial,,https://www.crochetexplained.com/crochet-bag-charm-ideas/,2026-10-20,,,,,,,,,,Leave CTR blank when impressions are 0.
Simple crochet flower: see the written tutorial,,https://www.crochetexplained.com/how-to-crochet-a-simple-flower/,2026-10-20,,,,,,,,,,Leave CTR blank when impressions are 0.
Makeup pouch: see the written tutorial,,https://www.crochetexplained.com/how-to-crochet-a-makeup-pouch/,2026-10-21,,,,,,,,,,Leave CTR blank when impressions are 0.
Crochet book sleeve: see the written tutorial,,https://www.crochetexplained.com/how-to-crochet-a-book-sleeve/,2026-10-21,,,,,,,,,,Leave CTR blank when impressions are 0.
Cotton bowl cozy: see the written tutorial,,https://www.crochetexplained.com/how-to-crochet-a-bowl-cozy/,2026-10-21,,,,,,,,,,Leave CTR blank when impressions are 0.
Christmas crochet yarn: see the written tutorial,,https://www.crochetexplained.com/yarn-for-christmas-crochet/,2026-10-21,,,,,,,,,,Leave CTR blank when impressions are 0.
Laptop sleeve: see the written tutorial,,https://www.crochetexplained.com/how-to-crochet-a-laptop-sleeve/,2026-10-21,,,,,,,,,,Leave CTR blank when impressions are 0.
Earbud pouch: see the written tutorial,,https://www.crochetexplained.com/how-to-crochet-an-earbud-pouch/,2026-10-21,,,,,,,,,,Leave CTR blank when impressions are 0.
Lip balm holder: see the written tutorial,,https://www.crochetexplained.com/how-to-crochet-a-lip-balm-holder/,2026-10-22,,,,,,,,,,Leave CTR blank when impressions are 0.
5 basic crochet stitches: see the written tutorial,,https://www.crochetexplained.com/basic-crochet-stitches/,2026-10-22,,,,,,,,,,Leave CTR blank when impressions are 0.
Cable organizer: see the written tutorial,,https://www.crochetexplained.com/how-to-crochet-a-cable-organizer/,2026-10-22,,,,,,,,,,Leave CTR blank when impressions are 0.
Start crocheting: see the written tutorial,,https://www.crochetexplained.com/what-you-need-to-start-crocheting/,2026-10-22,,,,,,,,,,Leave CTR blank when impressions are 0.
Left-handed crochet: see the written tutorial,,https://www.crochetexplained.com/left-handed-crochet/,2026-10-22,,,,,,,,,,Leave CTR blank when impressions are 0.
How to crochet a gnome,,https://www.crochetexplained.com/how-to-crochet-a-gnome/,2026-10-22,,,,,,,,,,Leave CTR blank when impressions are 0.
How to crochet a snowflake,,https://www.crochetexplained.com/how-to-crochet-a-snowflake/,2026-10-23,,,,,,,,,,Leave CTR blank when impressions are 0.
Christmas granny square colors,,https://www.crochetexplained.com/christmas-granny-square-variations/,2026-10-23,,,,,,,,,,Leave CTR blank when impressions are 0.
How to crochet a baby blanket,,https://www.crochetexplained.com/how-to-crochet-a-baby-blanket/,2026-10-23,,,,,,,,,,Leave CTR blank when impressions are 0.
How to crochet a phone crossbody,,https://www.crochetexplained.com/how-to-crochet-a-phone-crossbody/,2026-10-23,,,,,,,,,,Leave CTR blank when impressions are 0.
How to crochet a tree skirt,,https://www.crochetexplained.com/how-to-crochet-a-christmas-tree-skirt/,2026-10-23,,,,,,,,,,Leave CTR blank when impressions are 0.
How to crochet a tumbler sleeve,,https://www.crochetexplained.com/how-to-crochet-a-tumbler-sleeve/,2026-10-23,,,,,,,,,,Leave CTR blank when impressions are 0.
How to crochet slippers,,https://www.crochetexplained.com/how-to-crochet-slippers/,2026-10-25,,,,,,,,,,Leave CTR blank when impressions are 0.
How to crochet a market bag,,https://www.crochetexplained.com/how-to-crochet-a-market-bag/,2026-10-26,,,,,,,,,,Leave CTR blank when impressions are 0.
How to crochet a granny square tote,,https://www.crochetexplained.com/how-to-crochet-a-granny-square-tote/,2026-10-26,,,,,,,,,,Leave CTR blank when impressions are 0.
How to crochet a scrunchie,,https://www.crochetexplained.com/how-to-crochet-a-scrunchie/,2026-10-26,,,,,,,,,,Leave CTR blank when impressions are 0.
How to crochet a mini shoulder bag,,https://www.crochetexplained.com/how-to-crochet-a-mini-shoulder-bag/,2026-10-26,,,,,,,,,,Leave CTR blank when impressions are 0.
Crochet bag charm ideas,,https://www.crochetexplained.com/crochet-bag-charm-ideas/,2026-10-26,,,,,,,,,,Leave CTR blank when impressions are 0.
How to crochet a simple flower,,https://www.crochetexplained.com/how-to-crochet-a-simple-flower/,2026-10-26,,,,,,,,,,Leave CTR blank when impressions are 0.
How to crochet a makeup pouch,,https://www.crochetexplained.com/how-to-crochet-a-makeup-pouch/,2026-10-27,,,,,,,,,,Leave CTR blank when impressions are 0.
How to crochet a book sleeve,,https://www.crochetexplained.com/how-to-crochet-a-book-sleeve/,2026-10-27,,,,,,,,,,Leave CTR blank when impressions are 0.
How to crochet a bowl cozy,,https://www.crochetexplained.com/how-to-crochet-a-bowl-cozy/,2026-10-27,,,,,,,,,,Leave CTR blank when impressions are 0.
Yarn for Christmas crochet,,https://www.crochetexplained.com/yarn-for-christmas-crochet/,2026-10-27,,,,,,,,,,Leave CTR blank when impressions are 0.
How to crochet a laptop sleeve,,https://www.crochetexplained.com/how-to-crochet-a-laptop-sleeve/,2026-10-27,,,,,,,,,,Leave CTR blank when impressions are 0.
How to crochet an earbud pouch,,https://www.crochetexplained.com/how-to-crochet-an-earbud-pouch/,2026-10-27,,,,,,,,,,Leave CTR blank when impressions are 0.
How to crochet a lip balm holder,,https://www.crochetexplained.com/how-to-crochet-a-lip-balm-holder/,2026-10-28,,,,,,,,,,Leave CTR blank when impressions are 0.
The 5 basic crochet stitches,,https://www.crochetexplained.com/basic-crochet-stitches/,2026-10-28,,,,,,,,,,Leave CTR blank when impressions are 0.
How to crochet a cable organizer,,https://www.crochetexplained.com/how-to-crochet-a-cable-organizer/,2026-10-28,,,,,,,,,,Leave CTR blank when impressions are 0.
What you need to start crocheting,,https://www.crochetexplained.com/what-you-need-to-start-crocheting/,2026-10-28,,,,,,,,,,Leave CTR blank when impressions are 0.
"Left-handed crochet, explained",,https://www.crochetexplained.com/left-handed-crochet/,2026-10-28,,,,,,,,,,Leave CTR blank when impressions are 0.
